,UNITID,Cluster
0,100654,7
1,100663,3
2,100690,2
3,100706,3
4,100724,7
5,100751,3
6,100760,6
7,100812,6
8,100830,3
9,100858,3
10,100937,3
11,101028,6
12,101073,7
13,101116,4
14,101143,6
15,101161,6
16,101189,3
17,101240,7
18,101277,1
19,101286,6
20,101295,6
21,101301,6
22,101365,4
23,101435,3
24,101453,3
25,101462,7
26,101480,3
27,101499,6
28,101505,2
29,101514,6
30,101541,3
31,101569,7
32,101587,3
33,101602,6
34,101648,6
35,101675,7
36,101693,3
37,101709,3
38,101736,6
39,101879,3
40,101897,6
41,101912,7
42,101949,6
43,101958,4
44,101994,6
45,102030,7
46,102049,3
47,102058,7
48,102067,7
49,102076,6
50,102094,3
51,102234,3
52,102261,3
53,102270,7
54,102298,7
55,102313,7
56,102368,2
57,102377,7
58,102395,0
59,102429,6
60,102553,2
61,102580,3
62,102614,3
63,102632,2
64,102669,3
65,102711,6
66,102845,4
67,103361,2
68,103501,4
69,103644,4
70,103723,0
71,103732,1
72,103741,1
74,103787,3
75,103811,4
76,103893,4
77,103909,4
78,103927,4
79,103945,4
80,103954,1
81,103963,4
82,104090,4
83,104151,2
84,104160,2
85,104179,2
86,104188,3
87,104294,1
88,104346,2
89,104364,4
90,104391,1
91,104425,2
92,104434,1
93,104443,1
94,104504,4
95,104568,1
96,104577,6
97,104586,3
99,104708,2
100,104717,2
101,104805,4
102,104911,1
103,105118,4
104,105145,2
105,105154,2
106,105163,0
107,105172,0
108,105206,6
109,105215,6
110,105297,6
111,105330,2
112,105349,6
113,105367,0
114,105428,2
115,105482,4
116,105516,0
117,105525,2
118,105534,4
119,105543,4
120,105589,3
121,105659,4
122,105668,2
123,105677,6
124,105701,1
125,105747,2
126,105792,2
127,105899,3
128,105987,4
129,106041,6
130,106102,0
131,106111,1
132,106148,2
133,106245,3
134,106263,3
135,106281,1
136,106306,7
137,106315,1
138,106324,1
139,106342,3
140,106351,1
141,106360,1
142,106397,3
143,106412,7
144,106449,6
145,106458,3
146,106467,3
147,106485,6
148,106494,1
149,106546,4
150,106625,6
151,106704,3
152,106713,3
153,106795,6
154,106810,6
155,106829,6
156,106883,6
157,106892,4
158,106908,1
159,106980,6
160,106999,6
161,107044,3
162,107071,3
163,107080,3
164,107099,1
165,107123,4
166,107141,3
167,107211,1
168,107220,1
169,107275,1
170,107293,1
171,107318,6
172,107327,6
173,107363,1
174,107442,1
175,107460,6
176,107488,6
177,107512,3
178,107521,6
179,107549,6
180,107558,3
181,107585,6
182,107600,7
183,107619,6
184,107637,4
185,107655,1
186,107664,2
187,107725,6
188,107743,6
189,107789,1
190,107831,1
192,107877,3
193,107974,6
194,107983,3
195,107992,6
196,108065,1
197,108092,3
198,108232,3
199,108250,0
201,108348,4
202,108649,1
203,108667,2
204,108807,2
205,108852,3
208,108977,1
209,109040,4
211,109208,2
212,109332,4
213,109350,2
214,109651,3
215,109721,4
216,109730,4
217,109785,3
218,109819,2
219,109907,2
220,109934,1
221,110060,3
222,110097,3
223,110185,0
224,110194,4
225,110219,4
226,110246,2
228,110316,3
229,110334,2
230,110361,3
231,110370,3
233,110404,3
234,110413,3
235,110422,2
236,110468,3
237,110486,2
238,110495,2
239,110510,2
240,110529,2
241,110538,2
242,110547,2
243,110556,2
244,110565,2
245,110574,2
246,110583,2
247,110592,2
248,110608,2
249,110617,2
250,110635,2
251,110644,3
252,110653,2
253,110662,3
254,110671,2
255,110680,3
257,110705,3
258,110714,3
260,110875,1
261,110918,3
262,110945,4
263,111009,0
264,111054,1
265,111081,3
266,111188,3
268,111434,2
269,111461,2
270,111513,1
271,111638,4
272,111708,4
273,111717,4
274,111726,5
275,111744,4
276,111762,4
277,111771,4
278,111799,2
279,111887,2
280,111896,2
281,111920,2
282,111939,2
283,111948,3
284,111966,4
285,112075,3
286,112084,3
288,112172,2
290,112190,2
292,112260,3
293,112288,4
294,112367,2
295,112385,2
296,112394,3
297,112446,4
298,112455,1
300,112561,6
301,112570,3
302,112686,2
303,112826,2
304,113096,2
305,113111,2
306,113193,2
307,113218,2
308,113236,2
309,113333,2
310,113397,1
311,113449,1
313,113573,2
314,113582,3
315,113634,2
316,113698,3
318,113856,2
319,113908,1
320,113980,2
321,114044,1
322,114071,1
323,114080,1
325,114123,4
326,114266,2
327,114354,3
328,114390,3
329,114415,3
330,114433,2
331,114460,1
334,114628,1
335,114716,2
337,114761,1
338,114789,2
339,114813,3
341,114859,2
342,114938,2
343,114947,3
344,115001,2
345,115010,4
346,115083,0
347,115126,2
349,115296,2
350,115357,1
351,115393,2
352,115409,3
353,115454,0
354,115472,4
355,115490,0
356,115515,4
357,115533,4
358,115658,1
359,115728,3
361,115755,3
362,115773,2
363,115861,2
364,115931,4
365,116226,3
366,116350,1
367,116439,2
368,116466,0
369,116475,0
370,116484,0
371,116563,1
372,116712,3
373,116846,3
374,117052,2
375,117104,3
376,117113,0
377,117140,2
378,117168,3
379,117195,2
380,117238,1
381,117247,2
382,117274,2
384,117557,4
385,117575,3
386,117627,3
387,117636,3
388,117645,2
390,117690,2
391,117706,2
392,117715,2
393,117724,2
394,117733,2
395,117751,3
396,117788,2
397,117803,2
398,117867,2
399,117894,2
400,117928,0
401,117946,3
402,117955,1
403,118116,1
404,118125,1
405,118143,1
406,118161,1
407,118189,4
408,118198,4
409,118259,4
410,118277,4
411,118286,4
412,118347,2
413,118356,1
414,118541,2
415,118684,2
416,118693,3
417,118718,2
418,118772,2
419,118888,3
420,118912,2
421,118921,1
422,118930,2
423,118958,1
424,118967,4
425,118976,2
426,118994,1
427,119058,0
428,119067,2
429,119137,2
430,119164,2
431,119173,2
432,119216,2
433,119234,0
434,119270,3
435,119331,2
436,119340,4
437,119359,4
438,119368,4
439,119438,4
440,119456,4
441,119465,4
442,119508,4
443,119544,2
444,119553,4
445,119605,2
446,119775,3
447,119845,1
448,119951,1
449,120069,4
450,120078,4
451,120087,4
452,120184,2
453,120254,3
454,120272,1
455,120290,2
456,120342,2
457,120403,3
458,120421,2
459,120537,3
460,120661,4
461,120698,3
463,120768,2
465,120838,3
466,120865,3
467,120883,3
468,120953,2
469,120971,2
470,121017,1
471,121044,2
472,121150,3
473,121257,3
474,121275,3
475,121309,3
476,121345,3
477,121363,2
478,121381,0
479,121433,1
480,121619,2
482,121637,1
483,121691,3
484,121707,2
485,121859,1
486,121868,1
487,121886,2
488,121901,2
489,121983,0
490,121992,1
492,122180,2
493,122205,2
494,122296,3
495,122339,2
496,122366,0
497,122375,2
498,122384,2
499,122409,2
500,122436,3
501,122454,3
502,122506,3
503,122597,2
505,122612,3
507,122658,2
508,122685,4
509,122694,4
510,122728,3
511,122746,2
512,122755,2
513,122791,2
514,122834,4
515,122843,0
516,122852,4
517,122889,2
518,122931,3
519,122977,2
520,123013,2
522,123165,3
523,123208,4
524,123217,2
525,123280,3
526,123299,2
527,123341,2
528,123350,1
529,123396,1
531,123457,3
532,123484,2
533,123493,4
534,123509,2
535,123527,2
536,123554,3
537,123563,2
538,123572,3
539,123581,4
540,123633,4
541,123642,4
542,123651,3
543,123679,4
544,123800,2
547,123952,3
548,123961,3
550,124113,2
552,124292,2
553,124344,1
554,124487,3
555,124681,4
556,124706,4
557,124779,1
558,124937,4
559,125028,2
560,125082,1
561,125091,2
562,125170,2
563,125231,0
565,125462,2
566,125471,2
567,125499,2
568,125532,4
570,125727,3
571,125763,3
572,125897,2
577,126119,2
578,126164,1
579,126182,2
580,126207,6
581,126289,2
582,126359,4
583,126401,4
584,126562,3
585,126580,3
586,126605,6
587,126614,3
588,126669,3
589,126678,3
590,126687,4
591,126702,3
592,126711,6
593,126748,6
594,126775,3
595,126784,6
596,126818,3
597,126827,0
598,126854,1
599,126863,2
600,126872,4
601,126915,6
602,126924,4
603,126942,2
604,126951,4
606,127024,0
607,127060,3
608,127158,2
609,127185,3
610,127200,2
611,127219,1
612,127228,1
614,127316,1
615,127389,6
616,127556,3
617,127565,2
618,127617,6
619,127653,3
620,127680,0
621,127699,4
622,127714,3
623,127732,6
624,127741,3
625,127778,6
626,127787,4
627,127820,2
628,127839,4
629,127884,2
630,127909,2
631,127918,3
632,127945,3
633,127954,1
634,128106,3
635,128151,6
636,128179,4
637,128188,4
638,128258,6
639,128337,1
640,128391,3
641,128498,3
642,128540,1
643,128577,6
644,128674,4
645,128683,4
647,128744,3
648,128771,3
649,128780,6
650,128896,4
651,128902,3
652,128957,1
653,129002,4
654,129020,3
655,129154,4
656,129181,6
657,129215,3
658,129242,3
659,129349,1
660,129367,6
662,129482,4
664,129525,3
665,129534,3
666,129543,6
667,129613,4
668,129686,3
669,129695,6
670,129729,6
671,129756,6
672,129774,3
673,129808,6
674,129923,4
675,129932,4
676,129941,3
677,129969,4
678,130004,6
679,130040,6
680,130110,3
681,130129,1
682,130174,4
683,130183,0
684,130217,6
685,130226,3
686,130253,3
687,130314,3
688,130396,6
689,130448,4
690,130493,3
691,130509,4
693,130590,3
694,130606,6
695,130697,3
696,130776,3
698,130794,3
699,130837,6
700,130873,4
701,130891,6
702,130907,6
703,130916,6
704,130934,7
705,130943,3
706,130989,3
707,131061,1
708,131098,3
709,131113,3
710,131159,3
711,131283,3
712,131308,3
713,131399,7
715,131450,3
716,131469,3
717,131496,3
718,131520,7
719,131742,4
720,131803,0
721,131830,1
722,131876,3
724,132268,6
725,132338,0
726,132374,6
727,132408,3
728,132471,3
730,132602,7
731,132657,3
732,132666,1
733,132675,6
734,132693,2
735,132709,2
736,132806,4
737,132842,0
738,132851,2
739,132879,3
740,132903,2
741,132976,6
742,133021,6
743,133085,3
744,133155,6
745,133386,2
746,133465,4
747,133492,3
748,133508,2
749,133526,7
750,133553,3
751,133650,7
752,133669,2
753,133702,2
754,133711,3
755,133809,6
756,133845,4
757,133854,4
758,133863,4
759,133872,4
760,133881,3
761,133942,4
762,133951,2
763,133960,6
764,133979,7
765,133997,4
766,134024,4
767,134079,3
768,134097,3
769,134112,4
770,134121,4
771,134130,2
772,134149,4
773,134228,1
774,134237,3
775,134291,6
776,134307,6
777,134343,2
778,134422,4
779,134495,2
780,134510,3
781,134529,1
782,134574,4
783,134608,2
784,134680,3
785,134714,1
786,134811,0
787,134909,0
788,134945,3
789,135063,4
790,135081,4
791,135124,4
792,135142,1
793,135160,6
794,135179,6
795,135188,2
796,135267,6
797,135276,6
798,135294,4
799,135337,1
800,135364,3
801,135391,2
802,135407,6
803,135416,1
804,135522,6
805,135610,2
806,135647,6
807,135717,2
808,135726,3
809,135735,6
810,135771,5
811,135939,4
812,135957,4
813,136048,1
814,136066,4
815,136109,1
816,136145,6
817,136172,3
818,136206,0
819,136215,2
820,136233,6
821,136288,4
822,136303,6
823,136330,3
824,136358,2
825,136400,2
826,136473,2
827,136491,6
828,136516,2
829,136659,6
831,136765,6
832,136774,3
833,136783,1
834,136826,6
835,136950,3
836,137023,6
837,137032,2
838,137078,2
839,137087,6
840,137096,2
841,137120,6
842,137148,0
843,137209,2
844,137245,6
845,137272,3
846,137281,6
847,137315,6
848,137351,2
849,137476,3
850,137537,4
851,137546,3
852,137564,3
853,137591,1
854,137713,6
855,137759,2
856,137777,3
857,137801,4
858,137810,4
859,137847,3
860,137856,6
861,137865,6
862,137953,3
863,137962,3
864,138132,1
865,138187,2
866,138275,3
867,138284,6
868,138293,3
869,138309,0
870,138354,3
871,138372,6
872,138479,6
873,138488,6
874,138497,6
875,138558,6
876,138600,3
877,138655,4
878,138664,0
879,138682,4
880,138691,6
881,138716,7
882,138761,4
883,138789,3
884,138813,0
885,138822,1
886,138840,4
887,138868,3
888,138901,2
890,138938,4
891,138947,7
892,138956,6
893,139010,6
894,139074,4
895,139092,1
896,139144,3
897,139153,4
898,139199,3
899,139205,3
900,139214,0
901,139250,6
902,139278,6
903,139287,4
904,139311,3
906,139357,6
907,139366,3
908,139384,6
909,139393,3
910,139463,6
911,139506,1
912,139579,4
913,139621,6
914,139630,3
915,139658,3
916,139700,6
917,139719,7
918,139746,4
919,139755,3
920,139764,3
921,139861,3
922,139904,6
923,139931,3
924,139940,3
925,139959,3
926,139968,6
927,139986,6
928,139995,1
929,140003,4
930,140012,6
932,140164,3
933,140234,3
934,140243,6
935,140252,3
936,140331,6
937,140340,0
938,140447,3
939,140553,7
941,140599,6
942,140678,6
943,140696,3
944,140720,7
945,140818,3
946,140827,1
947,140872,3
948,140942,6
949,140951,3
950,140960,7
951,140988,3
952,141006,6
953,141015,3
954,141060,7
955,141097,3
956,141158,6
957,141167,3
958,141185,3
959,141237,3
960,141255,6
961,141264,3
962,141325,3
963,141334,3
964,141361,3
965,141468,4
966,141486,2
967,141565,2
968,141574,2
969,141608,1
970,141644,2
971,141680,2
972,141796,2
973,141802,2
974,141811,2
975,141839,2
976,141848,4
978,141945,1
979,141981,2
980,141990,2
981,142054,4
982,142090,3
983,142115,3
984,142179,6
985,142276,3
986,142285,3
987,142294,3
988,142328,3
989,142337,0
990,142407,1
991,142416,1
992,142443,6
993,142461,3
994,142489,1
995,142522,2
996,142559,6
998,142869,1
999,142878,1
1000,142887,3
1001,143048,3
1002,143084,3
1003,143118,3
1004,143181,1
1005,143215,6
1007,143279,6
1008,143288,3
1009,143297,3
1010,143303,4
1011,143358,3
1012,143376,1
1013,143464,1
1014,143473,1
1015,143482,1
1016,143491,1
1017,143516,1
1018,143534,1
1019,143543,1
1020,143552,1
1021,143613,6
1023,143695,1
1026,144005,3
1028,144050,3
1029,144157,6
1030,144166,6
1031,144175,6
1032,144184,2
1033,144193,2
1034,144209,2
1035,144218,2
1036,144281,3
1037,144351,3
1038,144467,1
1039,144485,4
1040,144564,6
1041,144573,1
1042,144740,3
1043,144795,1
1044,144865,2
1045,144883,3
1046,144892,3
1047,144944,6
1048,144962,3
1049,144971,3
1050,145099,4
1051,145239,4
1053,145309,1
1054,145336,6
1055,145354,4
1056,145372,3
1057,145406,1
1058,145424,1
1059,145433,1
1060,145460,3
1061,145497,3
1062,145521,6
1064,145600,3
1065,145619,3
1067,145637,3
1068,145646,3
1069,145682,6
1070,145691,3
1071,145707,6
1072,145725,3
1073,145770,0
1074,145813,3
1075,145831,6
1077,146010,3
1078,146205,6
1080,146278,6
1081,146296,6
1082,146339,3
1083,146348,6
1084,146366,6
1085,146393,3
1086,146418,6
1087,146427,3
1088,146454,1
1089,146472,6
1090,146481,3
1092,146506,6
1093,146533,3
1094,146603,6
1095,146612,3
1096,146621,3
1097,146667,3
1098,146676,6
1099,146685,6
1100,146700,4
1101,146719,3
1103,146755,4
1104,146791,4
1105,146807,1
1106,146816,4
1107,146825,3
1109,147004,6
1110,147013,3
1112,147129,3
1113,147165,4
1114,147244,3
1115,147341,3
1116,147369,3
1117,147378,6
1118,147396,3
1119,147411,2
1120,147439,1
1121,147536,3
1122,147590,3
1123,147642,1
1124,147660,3
1125,147679,3
1127,147703,3
1128,147749,4
1129,147767,3
1130,147776,3
1131,147800,6
1132,147819,1
1133,147828,3
1134,147916,6
1135,147970,1
1136,148007,6
1137,148098,1
1138,148131,3
1139,148140,6
1140,148177,0
1141,148256,6
1142,148292,6
1143,148335,3
1144,148380,6
1145,148399,4
1146,148405,3
1147,148487,3
1148,148496,3
1149,148511,4
1150,148575,3
1151,148584,3
1152,148593,3
1153,148627,3
1154,148654,3
1155,148672,6
1156,148821,6
1157,148849,3
1158,148876,2
1160,148937,6
1161,148955,4
1163,148991,6
1164,149028,3
1165,149204,1
1166,149222,3
1167,149231,3
1168,149310,4
1169,149329,3
1170,149365,6
1171,149499,1
1172,149505,3
1173,149514,3
1174,149532,2
1175,149550,1
1176,149639,3
1177,149727,2
1178,149763,3
1179,149772,3
1180,149781,3
1181,149842,6
1182,150048,6
1183,150066,3
1184,150075,1
1185,150136,3
1186,150145,3
1187,150163,3
1188,150172,3
1190,150251,4
1192,150303,1
1193,150400,3
1194,150428,1
1195,150437,1
1196,150455,3
1197,150534,3
1198,150604,3
1199,150668,3
1200,150677,3
1201,150695,1
1202,150710,1
1203,150756,3
1204,150765,1
1205,150774,3
1206,150853,1
1207,150941,3
1208,150987,2
1209,151102,3
1210,151111,3
1211,151166,4
1212,151263,3
1213,151290,3
1214,151306,3
1215,151324,3
1216,151333,3
1217,151342,3
1218,151351,3
1219,151360,3
1220,151379,3
1221,151388,6
1222,151458,3
1223,151467,4
1224,151494,0
1225,151500,0
1226,151519,0
1227,151537,4
1228,151564,1
1229,151607,1
1230,151616,4
1231,151625,4
1232,151652,1
1233,151661,6
1234,151777,3
1235,151786,3
1236,151801,3
1237,151810,4
1238,151829,1
1240,151874,1
1241,151944,4
1242,151962,1
1243,152044,1
1244,152080,3
1245,152099,3
1246,152150,1
1247,152248,3
1248,152266,3
1249,152275,1
1250,152309,1
1251,152318,3
1252,152327,1
1253,152336,3
1254,152363,3
1255,152381,3
1256,152390,3
1257,152415,4
1259,152497,4
1260,152530,3
1261,152567,3
1262,152600,3
1263,152628,1
1264,152637,6
1265,152673,3
1266,152798,3
1267,152822,3
1268,152992,3
1269,153001,3
1270,153074,1
1271,153083,1
1272,153092,1
1273,153108,3
1274,153126,3
1275,153144,3
1276,153162,3
1277,153171,1
1278,153214,6
1279,153241,3
1280,153250,3
1281,153269,3
1282,153278,3
1283,153296,6
1284,153302,3
1285,153311,6
1286,153320,3
1287,153339,1
1288,153366,3
1289,153375,3
1290,153384,3
1291,153409,0
1292,153418,4
1293,153427,4
1294,153445,6
1295,153463,1
1296,153472,6
1297,153524,6
1298,153533,6
1299,153542,6
1300,153588,1
1301,153597,1
1302,153603,3
1303,153621,3
1304,153630,6
1305,153658,3
1306,153737,6
1307,153746,1
1308,153764,1
1309,153773,1
1310,153782,1
1311,153825,3
1312,153834,3
1313,153861,3
1314,153922,6
1315,153977,4
1316,154004,3
1317,154013,3
1318,154022,3
1319,154059,6
1320,154095,3
1321,154101,3
1322,154110,6
1323,154129,6
1325,154165,1
1326,154174,3
1327,154208,1
1328,154235,3
1329,154262,4
1330,154332,1
1331,154341,1
1332,154350,3
1333,154378,6
1334,154396,6
1335,154448,1
1336,154457,1
1337,154466,1
1338,154493,3
1339,154518,3
1340,154527,3
1342,154545,1
1343,154572,6
1344,154590,3
1345,154642,6
1346,154688,3
1347,154697,6
1348,154712,3
1349,154721,3
1350,154749,3
1351,154767,4
1352,154776,4
1353,154794,4
1354,154800,6
1356,154855,3
1357,154907,6
1358,154925,6
1359,154934,6
1360,154952,6
1361,154970,1
1362,154998,6
1363,155007,2
1364,155025,3
1365,155052,6
1366,155061,3
1367,155070,3
1368,155089,3
1369,155098,6
1370,155104,6
1371,155140,2
1372,155159,1
1373,155177,6
1374,155186,6
1375,155195,6
1376,155201,6
1377,155210,2
1378,155283,4
1379,155292,6
1380,155317,3
1381,155335,3
1382,155353,1
1383,155399,3
1384,155414,3
1385,155423,6
1386,155441,1
1387,155450,6
1388,155487,6
1389,155496,3
1390,155511,3
1391,155520,3
1392,155566,6
1393,155593,6
1394,155618,6
1395,155627,3
1396,155636,0
1397,155681,3
1398,155715,6
1399,155812,3
1400,155830,6
1401,155858,2
1402,155867,1
1403,155900,3
1404,155937,3
1405,155973,3
1406,156082,3
1407,156107,6
1408,156125,3
1409,156134,4
1410,156189,3
1411,156213,3
1413,156231,6
1414,156277,1
1415,156286,3
1416,156295,3
1417,156310,1
1418,156338,6
1419,156356,3
1420,156365,3
1421,156392,6
1422,156408,3
1423,156417,3
1424,156426,1
1425,156444,1
1426,156471,4
1427,156541,3
1428,156620,3
1429,156648,6
1431,156745,3
1432,156754,1
1433,156790,6
1434,156842,1
1435,156851,6
1436,156860,6
1437,156903,4
1438,156921,6
1439,156949,1
1440,156967,1
1441,157021,4
1442,157030,3
1443,157058,7
1444,157076,3
1445,157085,3
1446,157100,3
1448,157216,3
1449,157270,3
1450,157289,3
1452,157304,6
1453,157331,6
1454,157359,6
1455,157377,3
1456,157386,3
1457,157401,3
1458,157438,6
1459,157447,3
1460,157456,1
1461,157465,4
1462,157483,6
1463,157508,1
1464,157535,3
1465,157553,6
1466,157599,4
1467,157614,1
1468,157632,3
1469,157650,1
1470,157669,1
1471,157678,1
1472,157696,4
1473,157711,6
1474,157739,6
1475,157757,3
1476,157766,4
1477,157793,3
1478,157809,3
1479,157818,3
1480,157827,1
1481,157863,3
1482,157951,3
1483,158088,6
1484,158158,4
1485,158246,4
1486,158325,4
1487,158334,1
1488,158343,4
1489,158352,6
1490,158431,6
1491,158440,4
1492,158477,3
1493,158538,1
1494,158617,1
1495,158644,1
1496,158662,2
1497,158723,4
1498,158778,1
1499,158787,1
1500,158802,7
1501,158884,6
1502,159009,7
1503,159027,1
1504,159197,4
1505,159319,1
1506,159328,1
1507,159373,3
1508,159382,6
1509,159391,3
1510,159407,6
1511,159416,3
1512,159443,6
1513,159513,1
1514,159522,1
1515,159531,1
1516,159568,3
1517,159601,1
1518,159647,3
1519,159656,3
1520,159717,3
1521,159939,3
1522,159966,3
1523,159993,3
1524,160010,6
1526,160038,6
1527,160065,3
1528,160074,4
1529,160117,1
1530,160126,1
1531,160135,1
1532,160199,1
1533,160320,1
1534,160409,6
1535,160445,1
1536,160472,1
1537,160481,6
1538,160524,4
1539,160579,6
1540,160597,1
1541,160612,3
1542,160621,7
1543,160630,7
1544,160649,7
1545,160658,3
1546,160667,6
1547,160755,3
1548,160904,7
1549,160913,6
1550,160940,4
1551,160959,3
1552,160977,3
1553,160995,4
1554,161004,3
1555,161022,4
1556,161077,6
1557,161086,3
1558,161138,6
1559,161165,3
1560,161192,6
1561,161208,6
1562,161217,6
1563,161226,3
1564,161235,6
1565,161244,6
1566,161253,3
1567,161299,3
1568,161341,6
1569,161457,3
1570,161484,6
1571,161493,1
1572,161509,3
1573,161518,3
1574,161527,1
1575,161545,6
1576,161554,3
1577,161563,3
1578,161572,3
1579,161581,6
1580,161615,1
1581,161651,1
1582,161688,6
1583,161767,6
1584,161776,4
1585,161800,1
1586,161855,1
1587,161864,6
1588,161873,3
1589,162007,7
1590,162061,3
1591,162104,6
1592,162122,6
1593,162168,6
1594,162210,3
1595,162283,7
1596,162335,1
1597,162371,4
1598,162557,6
1599,162584,3
1600,162609,6
1601,162654,3
1602,162681,4
1603,162690,6
1604,162706,6
1605,162760,3
1606,162779,2
1607,162830,1
1608,162928,3
1609,162982,1
1610,163028,4
1611,163046,3
1612,163107,1
1613,163204,2
1614,163259,3
1615,163268,3
1616,163286,3
1617,163295,3
1618,163338,7
1619,163347,4
1620,163408,1
1621,163426,2
1622,163453,7
1623,163462,3
1624,163532,3
1625,163541,1
1626,163578,3
1627,163657,2
1628,163736,4
1629,163754,1
1630,163815,1
1631,163851,3
1632,163912,3
1633,163921,4
1634,163976,3
1635,164058,4
1636,164076,3
1638,164100,1
1639,164173,3
1640,164216,3
1641,164270,3
1642,164313,6
1644,164438,0
1645,164447,3
1646,164465,3
1648,164492,3
1649,164535,4
1650,164562,3
1651,164580,3
1652,164599,4
1653,164614,3
1654,164632,3
1655,164641,3
1656,164678,1
1657,164720,3
1658,164739,3
1659,164748,3
1660,164775,6
1661,164845,1
1662,164872,3
1664,164924,3
1665,164933,3
1666,164988,3
1667,165015,3
1668,165024,3
1669,165033,6
1670,165060,4
1671,165112,6
1672,165167,3
1673,165194,6
1674,165255,1
1675,165264,4
1676,165334,3
1678,165529,3
1679,165556,4
1680,165574,3
1681,165608,6
1682,165635,6
1683,165644,3
1684,165662,3
1685,165671,3
1686,165699,3
1688,165750,1
1689,165802,3
1690,165820,3
1691,165866,3
1692,165884,6
1693,165936,3
1695,165981,6
1696,166009,3
1697,166018,3
1698,166027,3
1699,166045,3
1700,166054,3
1701,166063,1
1702,166124,3
1703,166133,6
1704,166276,4
1705,166294,1
1706,166319,1
1707,166328,1
1708,166391,3
1709,166407,4
1710,166452,3
1711,166498,1
1712,166513,3
1713,166586,1
1714,166595,1
1715,166601,3
1716,166629,3
1717,166638,3
1718,166647,6
1719,166656,3
1720,166674,3
1721,166683,3
1722,166692,3
1725,166805,1
1726,166823,6
1727,166850,3
1728,166869,3
1729,166887,6
1730,166911,3
1731,166939,3
1732,166948,3
1733,166957,6
1734,166975,4
1735,166984,3
1736,167020,4
1737,167039,1
1738,167057,3
1742,167224,3
1743,167251,3
1744,167260,3
1745,167288,3
1746,167297,6
1747,167312,6
1748,167321,3
1749,167358,3
1750,167376,2
1751,167394,3
1752,167455,3
1754,167525,6
1755,167534,6
1756,167598,3
1757,167631,6
1758,167677,3
1759,167729,3
1760,167738,4
1761,167783,3
1762,167792,3
1763,167835,3
1764,167871,6
1765,167899,3
1766,167905,6
1767,167987,3
1768,167996,3
1769,168005,3
1770,168032,1
1771,168148,3
1772,168218,3
1773,168227,3
1774,168254,3
1775,168263,3
1776,168281,3
1777,168290,3
1778,168342,3
1779,168421,3
1780,168430,3
1781,168528,3
1782,168546,3
1783,168555,1
1784,168573,4
1785,168591,3
1786,168607,6
1787,168740,3
1788,168786,3
1789,168838,6
1790,168847,3
1791,168883,6
1792,168892,1
1794,169080,3
1796,169187,4
1798,169248,3
1799,169275,6
1800,169284,1
1801,169327,3
1802,169363,3
1804,169442,3
1805,169479,3
1806,169503,1
1807,169521,6
1808,169576,4
1810,169655,6
1811,169716,3
1812,169734,4
1813,169761,4
1814,169798,3
1815,169910,3
1816,169947,1
1817,169974,6
1818,169983,3
1819,169992,6
1820,170000,3
1821,170037,3
1822,170046,4
1823,170055,6
1824,170082,3
1825,170091,3
1826,170240,6
1827,170301,3
1828,170417,0
1829,170444,6
1830,170514,1
1831,170532,3
1832,170541,6
1833,170550,6
1834,170587,6
1835,170611,1
1836,170620,6
1837,170639,3
1838,170657,6
1839,170675,3
1840,170736,1
1841,170790,2
1842,170806,3
1843,170842,3
1844,170967,3
1845,170976,3
1846,171012,1
1847,171100,3
1848,171128,3
1849,171137,3
1850,171146,3
1851,171155,6
1852,171225,6
1853,171234,6
1854,171261,1
1855,171298,3
1856,171304,6
1857,171313,4
1858,171322,4
1859,171395,6
1860,171456,3
1861,171465,1
1862,171483,6
1863,171492,3
1864,171535,6
1865,171571,3
1866,171599,3
1867,171775,1
1868,171881,3
1869,171988,4
1870,171997,4
1871,172015,4
1872,172033,3
1873,172051,3
1874,172200,6
1875,172264,3
1876,172291,6
1877,172307,6
1878,172325,1
1879,172334,3
1880,172422,6
1881,172440,3
1883,172495,1
1884,172608,3
1885,172617,6
1886,172635,2
1887,172644,3
1888,172671,6
1889,172699,3
1891,172802,1
1892,172866,4
1893,172918,6
1894,172927,4
1895,172954,6
1896,172963,6
1897,173045,3
1898,173063,6
1899,173115,6
1900,173124,3
1901,173142,3
1902,173160,3
1904,173203,6
1905,173258,3
1906,173300,3
1907,173328,3
1908,173416,6
1909,173452,3
1910,173461,6
1911,173470,1
1912,173489,4
1913,173559,6
1914,173629,3
1915,173638,6
1916,173647,3
1917,173665,3
1919,173708,6
1920,173726,1
1921,173735,6
1922,173744,1
1923,173799,6
1924,173805,6
1925,173887,3
1927,173902,3
1928,173911,6
1929,173920,3
1930,173939,1
1932,173966,3
1933,173984,4
1934,173993,6
1935,174020,3
1936,174066,3
1937,174075,3
1939,174127,3
1940,174136,6
1941,174154,4
1942,174190,1
1943,174206,3
1944,174233,3
1945,174251,3
1946,174279,3
1947,174321,1
1948,174358,3
1949,174376,6
1950,174385,0
1951,174394,3
1952,174428,6
1953,174437,3
1954,174473,6
1956,174491,3
1957,174507,3
1958,174525,3
1959,174534,1
1960,174570,6
1961,174604,6
1962,174738,6
1963,174747,3
1964,174756,6
1965,174765,1
1966,174783,3
1967,174792,3
1968,174817,3
1969,174844,3
1970,174862,3
1971,174899,3
1972,174914,3
1973,174978,1
1974,175005,3
1975,175014,4
1976,175041,6
1977,175078,3
1978,175120,4
1980,175157,6
1981,175227,3
1982,175236,6
1983,175263,6
1984,175272,3
1986,175315,6
1987,175342,7
1988,175421,3
1989,175430,3
1990,175494,1
1991,175519,7
1992,175528,4
1993,175573,6
1994,175591,1
1995,175607,1
1996,175616,3
1997,175643,6
1998,175652,6
1999,175698,1
2000,175722,1
2001,175786,6
2002,175810,6
2003,175829,6
2004,175856,7
2005,175883,6
2006,175935,6
2007,175980,3
2008,176008,6
2009,176017,3
2010,176026,3
2011,176035,3
2012,176044,7
2013,176053,3
2014,176062,1
2015,176071,6
2016,176080,3
2017,176169,6
2018,176178,6
2019,176239,6
2020,176318,7
2021,176336,6
2022,176354,6
2023,176372,3
2024,176390,1
2025,176406,7
2027,176479,3
2028,176549,4
2031,176628,3
2032,176637,0
2033,176664,3
2034,176716,1
2035,176770,4
2036,176789,3
2037,176798,6
2038,176910,3
2039,176947,3
2040,176965,3
2041,176983,6
2043,177038,3
2044,177056,4
2045,177065,2
2046,177083,3
2048,177117,6
2050,177135,6
2051,177144,3
2052,177214,3
2053,177250,6
2055,177287,1
2056,177302,4
2057,177339,3
2058,177418,3
2060,177436,6
2061,177472,6
2062,177542,3
2063,177551,7
2064,177579,3
2065,177588,1
2066,177603,1
2067,177676,6
2068,177685,1
2069,177719,3
2070,177746,3
2071,177816,3
2073,177870,6
2074,177931,6
2075,177940,7
2076,177968,3
2077,177977,6
2078,177986,3
2079,177995,2
2080,178004,4
2081,178059,3
2082,178077,1
2083,178110,4
2084,178183,4
2085,178208,3
2086,178217,6
2087,178226,4
2088,178244,3
2089,178262,1
2090,178305,4
2091,178314,1
2092,178341,3
2093,178350,3
2094,178369,3
2095,178387,3
2096,178396,3
2097,178402,3
2098,178411,3
2099,178420,3
2100,178448,6
2101,178466,6
2102,178484,1
2104,178527,1
2105,178606,6
2106,178615,3
2107,178624,3
2108,178679,3
2109,178697,3
2110,178721,3
2111,178767,0
2112,178828,6
2113,178891,6
2114,178989,3
2115,179043,3
2116,179052,6
2117,179070,4
2118,179159,3
2119,179195,1
2120,179201,4
2121,179229,1
2122,179238,6
2123,179256,3
2125,179308,2
2127,179326,3
2128,179344,6
2129,179399,4
2130,179450,3
2131,179511,4
2132,179539,6
2133,179548,3
2134,179557,3
2135,179566,3
2136,179645,6
2137,179715,6
2138,179724,4
2141,179867,3
2142,179894,3
2143,179919,6
2144,179946,3
2145,179955,3
2146,179964,3
2147,179991,1
2148,180054,6
2149,180063,1
2150,180081,6
2151,180090,1
2152,180106,3
2153,180151,6
2154,180160,6
2155,180179,3
2156,180197,6
2157,180203,6
2158,180212,6
2159,180249,6
2160,180258,3
2161,180276,6
2162,180328,6
2163,180373,6
2164,180391,0
2165,180416,3
2166,180461,3
2167,180489,3
2168,180522,3
2169,180595,3
2170,180647,6
2171,180692,3
2172,180771,1
2173,180814,3
2174,180832,3
2175,180878,3
2176,180902,6
2177,180948,3
2178,180957,1
2179,180984,3
2180,181002,3
2181,181020,3
2182,181093,3
2183,181127,3
2184,181145,3
2185,181190,1
2186,181215,3
2187,181242,4
2188,181297,3
2189,181303,6
2190,181312,6
2191,181330,3
2192,181376,3
2193,181394,3
2194,181400,4
2195,181419,6
2196,181428,3
2197,181446,3
2198,181464,3
2199,181491,6
2200,181534,3
2201,181604,3
2202,181640,6
2203,181738,3
2204,181756,4
2205,181765,6
2206,181783,3
2207,181792,6
2208,181817,6
2209,181853,3
2210,181880,1
2211,181941,4
2212,182005,2
2213,182111,0
2214,182148,4
2215,182209,1
2216,182281,2
2217,182290,3
2218,182306,6
2219,182397,1
2220,182430,0
2221,182458,3
2222,182500,2
2223,182564,2
2224,182634,3
2225,182652,1
2226,182661,3
2227,182670,3
2228,182704,1
2229,182722,1
2230,182795,3
2232,182865,3
2233,182892,1
2234,182908,6
2235,182953,1
2236,182980,3
2237,182999,1
2238,183026,0
2239,183035,4
2240,183044,3
2241,183062,3
2242,183071,3
2243,183080,3
2244,183099,6
2245,183105,6
2246,183114,6
2247,183123,6
2248,183132,6
2249,183141,6
2250,183150,6
2251,183202,1
2252,183211,3
2253,183239,3
2254,183248,4
2255,183257,6
2256,183275,6
2257,183488,4
2258,183655,6
2259,183725,4
2260,183743,2
2261,183789,3
2262,183804,3
2263,183822,3
2264,183859,6
2265,183877,6
2266,183910,3
2267,183938,6
2268,183974,3
2269,183983,6
2270,184047,4
2271,184056,4
2272,184092,4
2273,184144,1
2274,184153,4
2275,184180,6
2276,184205,6
2277,184278,1
2278,184320,4
2279,184348,3
2280,184357,3
2281,184427,6
2282,184481,6
2283,184506,1
2284,184603,3
2285,184612,3
2286,184694,3
2287,184746,4
2288,184773,3
2289,184782,3
2290,184791,6
2291,184816,1
2292,184870,4
2293,184959,4
2294,184968,4
2295,184995,2
2296,185129,2
2297,185174,3
2298,185262,3
2299,185332,4
2300,185396,4
2301,185466,1
2302,185509,6
2303,185536,6
2304,185572,3
2305,185590,3
2306,185624,4
2307,185679,4
2308,185721,4
2309,185730,1
2311,185767,1
2312,185828,3
2313,185873,6
2314,185916,4
2315,185970,1
2316,186016,1
2317,186034,2
2318,186052,6
2320,186131,3
2321,186186,3
2322,186201,3
2323,186274,1
2324,186283,3
2325,186335,1
2326,186371,3
2327,186380,3
2328,186399,3
2329,186405,4
2330,186423,4
2331,186432,3
2332,186469,6
2333,186584,3
2334,186593,1
2335,186618,3
2336,186645,6
2337,186867,3
2338,186876,3
2339,186900,3
2340,187000,6
2341,187046,2
2342,187134,3
2343,187161,4
2344,187198,2
2345,187444,3
2346,187505,1
2347,187532,2
2348,187596,6
2349,187602,1
2350,187620,2
2351,187639,6
2352,187648,2
2353,187666,2
2354,187745,3
2355,187897,2
2356,187903,2
2358,187958,6
2359,187967,2
2360,187976,2
2361,187985,2
2362,187994,2
2363,188003,2
2364,188021,2
2365,188030,2
2366,188049,2
2367,188058,2
2368,188100,2
2369,188137,2
2370,188146,3
2371,188182,3
2373,188216,6
2374,188225,2
2375,188261,2
2377,188304,2
2378,188340,3
2379,188429,3
2380,188438,6
2381,188465,3
2382,188517,4
2383,188526,3
2386,188641,3
2387,188650,4
2388,188669,3
2389,188678,3
2390,188687,1
2391,188696,3
2392,188854,3
2393,188890,4
2394,188915,4
2395,188942,3
2396,188988,1
2398,189088,3
2399,189097,3
2400,189219,1
2401,189228,0
2404,189282,4
2405,189404,1
2406,189413,2
2407,189422,4
2408,189459,0
2409,189468,1
2410,189477,1
2412,189547,6
2413,189556,0
2414,189565,0
2415,189574,4
2416,189583,4
2417,189592,4
2418,189653,4
2419,189705,3
2420,189714,1
2421,189811,4
2422,189839,6
2423,189848,3
2424,189857,3
2425,189954,4
2427,190008,3
2428,190044,3
2429,190053,6
2430,190071,4
2432,190099,3
2433,190114,4
2434,190150,3
2435,190169,6
2436,190239,1
2437,190248,3
2438,190293,1
2439,190309,1
2440,190318,1
2441,190372,3
2442,190415,3
2444,190442,6
2445,190451,6
2446,190503,3
2447,190512,3
2448,190521,2
2449,190530,2
2450,190549,3
2451,190558,3
2452,190567,2
2453,190576,3
2454,190585,2
2455,190594,3
2456,190600,2
2457,190619,2
2458,190628,2
2459,190637,2
2460,190646,6
2461,190655,2
2462,190664,3
2463,190673,2
2465,190691,3
2466,190707,6
2467,190716,3
2468,190725,3
2470,190761,3
2471,190770,3
2472,190840,6
2473,190956,4
2474,190974,4
2475,190983,3
2476,191083,6
2477,191126,3
2478,191199,6
2479,191205,3
2480,191241,3
2481,191287,1
2482,191302,6
2483,191311,3
2485,191339,6
2486,191515,3
2487,191533,3
2488,191597,4
2489,191612,6
2490,191621,3
2491,191630,3
2492,191649,3
2493,191676,3
2494,191719,6
2495,191728,4
2496,191764,4
2497,191834,1
2498,191931,3
2499,191940,4
2500,191959,4
2501,191968,3
2502,191986,6
2503,192004,3
2504,192022,6
2505,192040,3
2506,192110,3
2507,192156,0
2509,192192,3
2510,192271,3
2511,192323,3
2512,192439,3
2513,192448,3
2514,192484,1
2515,192509,0
2517,192563,0
2518,192624,3
2519,192688,4
2520,192703,3
2521,192712,3
2522,192749,3
2523,192785,4
2524,192800,4
2525,192819,3
2526,192828,1
2527,192864,3
2528,192925,3
2529,192961,4
2530,192970,4
2531,193016,3
2532,193052,3
2535,193122,4
2536,193186,1
2537,193201,4
2538,193247,3
2539,193265,1
2540,193283,6
2541,193292,3
2542,193308,4
2543,193326,6
2544,193353,3
2545,193399,3
2547,193478,2
2548,193584,3
2549,193609,3
2550,193645,6
2551,193654,3
2552,193672,1
2554,193760,4
2557,193858,4
2559,193900,3
2560,193946,6
2561,193973,3
2562,193991,1
2563,194028,6
2565,194091,3
2566,194116,3
2567,194161,3
2569,194222,6
2570,194240,6
2571,194259,6
2572,194310,3
2573,194392,3
2574,194435,1
2575,194499,4
2576,194541,3
2577,194569,3
2578,194578,3
2579,194611,3
2580,194657,3
2584,194718,3
2586,194763,3
2587,194824,3
2588,194879,1
2589,194958,3
2590,194967,4
2591,195003,3
2592,195030,3
2593,195058,6
2594,195067,1
2595,195128,3
2597,195164,3
2598,195173,3
2599,195191,4
2600,195216,3
2601,195234,3
2602,195243,3
2603,195289,4
2604,195304,3
2605,195322,6
2606,195438,3
2607,195474,3
2608,195492,1
2609,195526,3
2610,195544,3
2612,195623,6
2613,195687,4
2614,195702,4
2615,195720,3
2616,195784,4
2617,195793,4
2618,195809,3
2619,195845,4
2620,195933,4
2621,195988,6
2622,196006,6
2623,196015,6
2624,196024,6
2625,196033,3
2626,196042,3
2627,196051,6
2628,196060,3
2629,196079,3
2630,196088,3
2631,196097,3
2632,196103,3
2633,196112,3
2634,196121,3
2635,196130,3
2636,196149,3
2637,196158,3
2638,196167,3
2639,196176,3
2640,196185,3
2641,196194,3
2642,196200,3
2643,196219,3
2645,196237,3
2646,196246,3
2647,196255,3
2648,196264,3
2649,196291,3
2650,196307,3
2651,196389,4
2652,196413,3
2654,196440,3
2656,196477,4
2657,196565,6
2659,196592,3
2660,196653,4
2661,196680,2
2662,196699,6
2663,196857,4
2664,196866,3
2666,197018,3
2667,197027,3
2668,197045,3
2669,197081,0
2670,197133,3
2671,197142,3
2672,197151,3
2673,197197,3
2675,197230,3
2676,197285,4
2677,197294,6
2678,197337,1
2679,197522,4
2680,197531,3
2682,197610,3
2683,197647,3
2684,197674,3
2686,197708,3
2687,197735,3
2689,197814,6
2690,197832,0
2691,197850,6
2692,197869,3
2693,197887,6
2694,197911,3
2695,197966,6
2696,197984,3
2697,197993,7
2698,198011,6
2699,198039,6
2700,198066,3
2701,198075,4
2702,198084,6
2703,198109,4
2704,198118,6
2705,198136,3
2706,198154,6
2707,198190,1
2708,198206,6
2709,198215,3
2710,198233,6
2711,198242,4
2712,198251,6
2713,198260,2
2714,198303,3
2715,198321,6
2716,198330,6
2717,198367,6
2718,198376,6
2720,198419,3
2721,198455,6
2722,198464,3
2723,198491,6
2724,198507,7
2725,198516,3
2726,198525,1
2727,198534,6
2728,198543,7
2729,198552,6
2730,198561,3
2731,198570,6
2732,198598,3
2733,198613,3
2734,198622,6
2735,198640,6
2736,198668,6
2737,198677,6
2738,198695,3
2739,198710,6
2740,198729,6
2741,198747,0
2742,198756,7
2743,198774,6
2744,198808,3
2745,198817,6
2746,198835,3
2747,198844,1
2748,198862,7
2749,198871,6
2750,198899,3
2751,198905,6
2752,198914,6
2753,198923,6
2754,198941,6
2755,198950,3
2756,198969,3
2757,198978,4
2758,198987,6
2759,198996,1
2760,199005,1
2761,199014,1
2762,199023,6
2763,199032,3
2764,199069,6
2765,199078,1
2766,199087,6
2767,199102,7
2768,199111,3
2769,199120,3
2770,199139,3
2771,199148,3
2772,199157,7
2773,199184,3
2774,199193,3
2775,199209,3
2776,199218,3
2777,199263,6
2778,199272,3
2779,199281,3
2780,199306,3
2781,199315,3
2782,199324,6
2783,199333,6
2784,199412,3
2785,199421,6
2786,199449,6
2787,199458,3
2788,199467,6
2789,199476,6
2790,199485,6
2791,199494,6
2792,199582,7
2793,199607,3
2794,199625,6
2795,199634,6
2796,199643,7
2797,199689,1
2798,199698,3
2799,199713,1
2800,199722,6
2801,199731,6
2802,199740,6
2804,199768,6
2805,199786,6
2806,199795,6
2807,199838,6
2808,199847,3
2809,199856,2
2810,199865,3
2811,199883,4
2812,199892,6
2813,199908,6
2814,199926,6
2815,199953,6
2816,199962,3
2817,199971,3
2818,199980,1
2819,199999,7
2820,200004,3
2821,200013,0
2822,200022,6
2823,200059,3
2824,200086,6
2825,200110,1
2826,200129,1
2827,200156,3
2828,200165,1
2829,200192,6
2830,200208,6
2831,200217,3
2832,200226,3
2833,200244,4
2834,200253,3
2835,200262,1
2836,200280,3
2837,200305,6
2838,200314,6
2839,200332,3
2840,200341,6
2841,200387,1
2842,200466,6
2843,200484,3
2844,200527,6
2845,200554,6
2846,200572,3
2847,200590,4
2848,200624,1
2849,200633,4
2850,200785,4
2851,200800,3
2852,200828,4
2853,200846,6
2854,200873,3
2855,201016,4
2856,201034,6
2857,201061,3
2858,201098,6
2859,201104,3
2860,201131,6
2861,201159,6
2862,201177,4
2863,201195,3
2864,201283,6
2865,201371,3
2866,201399,4
2867,201432,6
2868,201441,3
2869,201469,4
2870,201478,6
2871,201496,6
2872,201539,4
2873,201548,3
2874,201584,1
2875,201609,1
2876,201618,1
2877,201627,1
2878,201645,3
2879,201654,3
2880,201672,6
2881,201681,4
2882,201690,7
2883,201751,6
2884,201803,4
2885,201821,4
2886,201858,3
2887,201867,1
2888,201885,3
2889,201928,6
2890,201946,3
2891,201955,3
2892,201964,3
2893,201973,6
2894,201982,1
2895,202046,3
2896,202055,4
2897,202073,3
2898,202134,3
2899,202152,6
2900,202161,1
2901,202170,3
2902,202222,6
2903,202356,6
2904,202435,4
2905,202453,1
2906,202480,3
2907,202514,3
2908,202523,3
2909,202639,1
2910,202648,6
2911,202657,6
2912,202684,0
2913,202736,1
2914,202763,3
2915,202806,3
2916,202888,1
2917,202903,3
2918,202912,4
2919,202949,6
2920,202985,6
2921,203030,4
2923,203085,3
2924,203128,3
2925,203146,6
2926,203155,6
2927,203225,4
2928,203234,4
2929,203289,3
2930,203313,0
2931,203331,6
2932,203368,3
2933,203386,4
2934,203438,1
2935,203447,6
2936,203456,6
2937,203465,6
2938,203474,6
2939,203483,6
2940,203492,6
2941,203517,3
2942,203526,6
2943,203535,3
2944,203544,3
2945,203580,3
2946,203599,6
2947,203614,6
2948,203678,6
2949,203720,4
2950,203739,4
2951,203748,6
2952,203757,3
2953,203775,3
2954,203845,3
2955,203881,6
2956,203942,6
2957,203960,4
2959,204006,3
2960,204015,3
2961,204024,3
2962,204060,4
2963,204121,1
2964,204158,6
2965,204176,3
2966,204185,3
2967,204194,3
2968,204200,3
2969,204255,6
2970,204264,3
2971,204307,4
2972,204316,4
2973,204334,1
2974,204422,6
2975,204431,1
2976,204440,6
2977,204459,4
2978,204468,3
2980,204486,3
2981,204501,3
2982,204592,4
2983,204608,6
2984,204617,3
2985,204626,4
2986,204635,3
2987,204662,6
2988,204671,6
2989,204680,6
2990,204699,6
2991,204705,6
2992,204714,1
2993,204723,1
2994,204769,1
2995,204778,1
2996,204796,3
2997,204802,6
2998,204820,6
2999,204839,6
3000,204848,6
3001,204857,3
3002,204866,6
3003,204884,4
3004,204893,4
3005,204909,3
3006,204936,3
3007,204945,6
3008,204963,1
3009,204981,6
3011,205027,3
3012,205054,4
3013,205090,4
3014,205124,3
3015,205142,1
3016,205179,0
3017,205203,3
3018,205391,3
3019,205443,3
3020,205470,6
3021,205513,4
3022,205522,4
3023,205531,4
3024,205559,4
3025,205568,4
3026,205610,4
3027,205647,4
3028,205708,4
3029,205726,4
3030,205841,6
3031,205887,4
3032,205957,3
3033,205966,6
3034,206002,4
3035,206011,6
3036,206039,1
3037,206048,3
3038,206084,3
3039,206093,4
3040,206154,3
3041,206172,6
3042,206181,6
3044,206224,4
3045,206279,3
3047,206321,6
3048,206330,3
3049,206349,3
3050,206358,1
3051,206394,3
3052,206437,3
3053,206446,6
3054,206482,1
3055,206491,7
3056,206507,3
3058,206525,3
3059,206589,3
3060,206604,3
3061,206613,3
3062,206622,3
3063,206631,0
3064,206695,3
3065,206783,4
3066,206817,3
3067,206835,3
3068,206862,3
3069,206880,1
3070,206905,6
3071,206914,3
3072,206923,6
3073,206932,1
3074,206941,3
3075,206969,1
3076,206996,6
3077,207041,3
3078,207050,6
3079,207069,6
3080,207087,1
3081,207102,1
3082,207157,3
3083,207166,1
3084,207209,7
3085,207236,6
3086,207254,4
3087,207263,3
3088,207272,1
3089,207281,6
3090,207290,6
3091,207306,3
3093,207324,3
3094,207342,3
3095,207351,6
3096,207388,3
3097,207397,2
3098,207403,3
3099,207449,2
3100,207458,3
3101,207500,3
3102,207537,1
3103,207564,6
3104,207582,3
3105,207607,6
3106,207625,4
3107,207661,6
3108,207670,6
3109,207689,3
3110,207704,1
3111,207722,3
3112,207740,6
3113,207786,1
3114,207847,3
3115,207856,3
3116,207865,3
3117,207935,2
3118,207962,1
3119,207971,3
3120,208017,1
3121,208026,6
3122,208035,6
3123,208044,1
3124,208053,6
3125,208080,1
3126,208123,4
3128,208239,0
3129,208248,1
3130,208275,6
3131,208318,6
3132,208390,2
3133,208406,2
3134,208415,6
3135,208433,1
3136,208479,4
3137,208488,3
3138,208512,4
3139,208637,4
3140,208646,3
3141,208655,1
3142,208725,3
3143,208822,3
3144,208859,1
3145,208965,0
3146,209038,6
3147,209056,3
3148,209065,3
3149,209074,6
3150,209083,1
3151,209108,3
3152,209153,1
3153,209205,1
3154,209241,3
3155,209250,2
3156,209287,3
3158,209348,1
3159,209409,3
3160,209490,3
3161,209506,3
3162,209533,3
3163,209542,3
3164,209551,3
3165,209603,3
3166,209612,3
3167,209667,1
3168,209676,1
3169,209694,1
3170,209700,1
3171,209719,1
3172,209746,2
3173,209807,2
3174,209825,3
3175,209922,3
3176,209940,6
3177,209986,1
3178,210076,4
3179,210100,1
3180,210146,3
3181,210155,6
3182,210234,6
3183,210270,6
3184,210304,3
3185,210331,3
3186,210340,1
3187,210359,4
3189,210401,3
3190,210429,3
3191,210438,4
3192,210456,4
3193,210474,1
3194,210483,4
3195,210492,3
3197,210571,3
3198,210599,4
3199,210605,6
3200,210669,3
3201,210711,1
3202,210739,3
3203,210748,1
3204,210775,3
3205,210784,1
3206,210890,3
3207,210906,3
3208,210942,0
3209,210951,4
3210,210960,0
3211,211006,6
3212,211024,3
3213,211079,6
3214,211088,3
3216,211149,6
3217,211158,3
3218,211200,3
3219,211273,3
3220,211291,3
3221,211307,6
3222,211316,1
3223,211334,1
3224,211343,6
3225,211352,3
3226,211361,3
3228,211398,4
3229,211431,3
3230,211440,3
3231,211468,3
3232,211477,3
3233,211556,3
3234,211583,3
3235,211608,7
3236,211617,4
3237,211635,4
3238,211644,3
3239,211750,4
3240,211802,4
3241,211820,4
3242,211893,3
3243,211909,4
3244,211927,6
3245,211981,3
3246,212009,3
3248,212045,3
3249,212054,3
3250,212072,3
3251,212090,4
3252,212106,3
3253,212115,3
3254,212133,3
3255,212160,3
3256,212197,3
3257,212212,1
3258,212230,1
3259,212267,1
3260,212276,1
3261,212285,1
3262,212294,1
3263,212300,1
3264,212328,1
3265,212337,1
3266,212355,1
3267,212373,1
3268,212382,1
3269,212391,1
3270,212425,4
3271,212434,1
3274,212568,4
3275,212577,3
3276,212601,3
3277,212656,3
3278,212674,3
3279,212683,1
3280,212708,1
3281,212753,1
3282,212771,6
3283,212832,3
3284,212869,4
3285,212878,6
3286,212911,3
3287,212975,3
3288,212984,3
3289,212993,3
3290,213002,4
3291,213011,3
3292,213020,3
3293,213163,4
3294,213181,4
3295,213215,1
3296,213233,3
3297,213251,3
3298,213303,3
3299,213312,4
3300,213321,3
3301,213330,1
3302,213349,3
3303,213358,3
3304,213367,3
3305,213376,3
3306,213385,3
3307,213400,3
3309,213455,1
3310,213473,4
3311,213491,1
3312,213507,3
3313,213525,6
3314,213534,4
3315,213543,3
3316,213552,1
3317,213570,4
3318,213589,4
3319,213598,7
3320,213613,3
3321,213622,6
3324,213659,6
3325,213668,3
3326,213686,4
3327,213774,6
3328,213783,3
3329,213826,3
3330,213914,4
3331,213932,4
3332,213987,3
3333,213996,3
3334,214023,4
3335,214041,3
3336,214069,3
3337,214111,6
3338,214148,3
3339,214157,3
3340,214166,3
3341,214175,3
3342,214254,4
3343,214272,3
3344,214290,6
3345,214379,6
3346,214476,6
3347,214528,4
3348,214546,1
3350,214582,4
3351,214591,3
3354,214625,3
3355,214634,3
3356,214643,3
3357,214652,3
3358,214670,3
3359,214689,3
3360,214698,3
3361,214704,3
3362,214713,3
3363,214731,3
3364,214740,3
3365,214759,6
3366,214768,3
3367,214777,3
3368,214786,3
3369,214795,6
3370,214801,3
3371,214810,3
3372,214829,3
3373,214838,4
3374,214883,0
3375,214892,4
3376,214944,6
3377,214962,1
3378,214971,3
3379,215008,6
3380,215026,6
3381,215044,4
3382,215053,3
3383,215062,3
3384,215099,3
3385,215105,3
3386,215114,3
3388,215132,3
3389,215239,2
3390,215266,3
3391,215275,3
3392,215284,3
3393,215293,3
3394,215309,6
3395,215336,1
3396,215381,3
3397,215390,1
3398,215415,3
3400,215433,4
3401,215442,3
3402,215479,4
3403,215530,1
3404,215585,6
3405,215594,4
3408,215637,3
3409,215646,6
3410,215655,3
3411,215682,6
3412,215691,3
3413,215743,3
3414,215770,3
3415,215798,3
3417,215886,6
3418,215929,3
3419,215947,3
3420,215974,4
3421,215983,4
3422,215992,4
3423,216010,3
3424,216038,3
3425,216047,3
3426,216074,1
3427,216083,3
3428,216162,4
3429,216223,1
3430,216278,3
3431,216287,3
3432,216296,6
3434,216339,3
3435,216357,3
3436,216366,3
3437,216418,4
3438,216427,3
3439,216436,4
3440,216445,3
3441,216454,3
3443,216524,3
3444,216542,3
3445,216551,3
3446,216579,1
3447,216597,3
3448,216630,4
3449,216649,4
3450,216667,3
3451,216694,3
3452,216746,1
3453,216764,3
3454,216773,4
3455,216782,4
3456,216807,3
3458,216825,6
3459,216852,3
3460,216931,3
3461,217013,3
3463,217059,3
3464,217077,4
3465,217086,4
3466,217095,1
3467,217156,3
3468,217165,3
3469,217235,3
3470,217244,4
3471,217305,3
3472,217323,4
3473,217350,1
3474,217402,3
3475,217420,3
3476,217475,6
3477,217484,3
3478,217493,3
3479,217518,3
3480,217536,3
3481,217572,4
3482,217581,1
3483,217606,3
3484,217615,6
3485,217624,7
3486,217633,3
3487,217688,3
3488,217712,6
3489,217721,7
3490,217749,3
3491,217776,3
3492,217794,1
3493,217819,3
3494,217828,1
3495,217837,6
3496,217864,3
3497,217873,7
3498,217882,3
3499,217891,7
3500,217907,3
3501,217925,3
3502,217934,3
3503,217961,3
3504,217989,7
3505,217998,3
3506,218025,6
3507,218043,4
3508,218061,3
3509,218070,3
3510,218113,6
3511,218140,6
3512,218159,1
3513,218195,1
3514,218229,3
3515,218238,3
3517,218335,3
3518,218353,6
3519,218399,7
3520,218414,3
3521,218441,3
3522,218487,6
3523,218520,6
3524,218539,3
3525,218645,3
3526,218654,3
3527,218663,3
3528,218672,6
3529,218681,6
3530,218690,6
3531,218706,6
3532,218724,3
3533,218733,7
3534,218742,3
3536,218821,6
3537,218830,6
3538,218858,6
3539,218867,1
3540,218885,6
3541,218894,6
3542,218919,7
3543,218955,6
3544,218964,3
3545,218973,3
3546,218991,6
3547,219000,3
3548,219037,1
3549,219046,3
3550,219055,6
3551,219082,3
3552,219091,3
3553,219125,1
3554,219143,6
3555,219170,6
3556,219189,6
3557,219198,3
3558,219204,0
3559,219213,0
3561,219259,3
3562,219277,6
3563,219295,3
3564,219338,6
3565,219347,3
3566,219356,3
3567,219374,6
3568,219383,3
3569,219392,6
3570,219408,6
3571,219426,6
3572,219453,1
3573,219471,3
3574,219480,6
3575,219505,3
3576,219578,4
3577,219587,1
3578,219596,6
3579,219602,3
3580,219639,4
3581,219709,3
3582,219718,3
3583,219790,3
3584,219806,3
3585,219824,6
3586,219833,3
3588,219879,6
3589,219888,6
3590,219903,4
3591,219921,6
3592,219949,3
3593,219976,3
3594,219994,6
3595,220002,4
3596,220057,6
3597,220075,3
3598,220118,4
3599,220127,6
3601,220163,1
3602,220181,7
3603,220206,3
3604,220215,3
3605,220251,6
3606,220279,6
3607,220312,6
3608,220321,6
3609,220394,6
3610,220400,6
3611,220464,1
3612,220473,3
3613,220491,1
3614,220516,3
3615,220552,3
3616,220570,1
3617,220598,7
3618,220604,7
3619,220613,3
3620,220631,3
3621,220640,6
3622,220701,3
3623,220710,3
3624,220756,6
3625,220765,1
3627,220808,3
3628,220853,6
3629,220862,3
3631,220941,4
3632,220978,3
3634,221014,3
3635,221050,6
3636,221096,6
3637,221102,6
3638,221148,6
3639,221157,4
3640,221184,6
3641,221236,6
3642,221254,3
3643,221281,6
3644,221290,1
3645,221333,6
3646,221351,3
3647,221388,6
3648,221397,6
3649,221430,6
3650,221485,2
3651,221494,6
3652,221519,3
3653,221582,6
3654,221591,6
3655,221607,6
3656,221616,6
3657,221625,6
3658,221634,6
3659,221643,6
3660,221661,3
3662,221731,3
3663,221740,3
3664,221759,3
3665,221768,3
3666,221795,3
3667,221829,1
3668,221838,7
3669,221847,3
3670,221856,3
3671,221892,3
3672,221908,6
3673,221953,3
3674,221971,3
3675,221980,1
3676,221999,3
3677,222026,1
3678,222053,6
3679,222062,6
3680,222099,4
3681,222105,6
3682,222178,3
3683,222567,2
3684,222576,2
3685,222673,4
3686,222707,5
3687,222822,6
3688,222831,2
3689,222877,3
3690,222886,4
3691,222938,3
3692,222983,3
3693,222992,2
3695,223056,1
3696,223083,4
3697,223117,3
3698,223214,3
3700,223232,3
3701,223320,2
3702,223427,2
3703,223463,4
3704,223472,4
3705,223506,2
3706,223524,2
3707,223658,4
3708,223667,4
3709,223773,6
3710,223816,2
3712,223898,6
3713,223922,6
3714,224004,3
3715,224013,1
3716,224110,2
3717,224147,3
3718,224156,1
3719,224183,4
3720,224226,3
3721,224244,3
3722,224271,1
3724,224323,3
3725,224350,2
3726,224439,4
3727,224527,3
3728,224545,6
3729,224554,3
3730,224572,2
3731,224615,2
3732,224642,2
3733,224660,4
3734,224679,5
3735,224758,1
3736,224776,0
3737,224828,1
3738,224891,6
3739,224961,2
3740,225070,6
3741,225201,4
3742,225247,3
3743,225308,6
3744,225371,6
3745,225399,2
3746,225414,2
3747,225423,2
3748,225432,2
3749,225502,2
3750,225511,2
3751,225520,2
3752,225548,3
3753,225575,7
3754,225627,2
3755,225779,5
3756,225788,4
3757,225849,0
3758,225858,0
3759,225876,2
3760,225885,7
3761,225991,3
3762,226019,6
3763,226091,3
3764,226107,6
3765,226116,6
3766,226125,5
3767,226134,2
3768,226152,5
3769,226204,2
3770,226231,3
3771,226277,4
3772,226374,1
3773,226383,3
3774,226408,2
3775,226471,3
3776,226578,2
3777,226587,3
3778,226675,4
3779,226772,1
3780,226806,2
3781,226833,3
3782,226860,1
3783,226879,0
3784,226903,4
3785,226930,2
3786,227003,4
3787,227058,1
3788,227146,6
3789,227155,5
3790,227182,2
3791,227191,2
3792,227216,2
3793,227225,6
3794,227243,0
3796,227298,4
3797,227304,2
3798,227313,1
3799,227322,1
3800,227331,5
3801,227368,5
3802,227377,2
3803,227386,6
3804,227401,6
3805,227429,7
3806,227526,7
3807,227687,6
3808,227748,4
3809,227757,3
3810,227766,2
3811,227836,5
3812,227845,3
3813,227854,7
3814,227863,2
3815,227881,3
3816,227924,2
3817,227979,2
3818,228042,3
3819,228088,1
3820,228149,5
3821,228158,6
3822,228185,5
3824,228200,5
3825,228219,5
3826,228246,3
3827,228282,4
3828,228291,4
3829,228316,2
3830,228325,3
3831,228343,3
3832,228431,3
3833,228459,2
3834,228468,3
3835,228486,7
3836,228501,2
3837,228529,3
3838,228547,2
3839,228608,2
3840,228635,3
3841,228644,3
3842,228653,3
3843,228680,6
3844,228699,6
3845,228705,2
3846,228723,2
3847,228769,2
3848,228778,2
3849,228787,3
3850,228796,2
3851,228802,3
3853,228875,3
3854,228884,7
3856,228981,3
3857,229018,2
3858,229027,2
3859,229036,4
3860,229063,7
3861,229115,3
3862,229151,4
3863,229160,3
3864,229179,3
3865,229267,3
3866,229300,3
3867,229319,5
3868,229328,6
3869,229337,3
3870,229355,2
3871,229416,6
3872,229425,5
3873,229504,6
3874,229522,1
3875,229540,2
3877,229780,2
3878,229799,6
3879,229814,3
3880,229832,2
3881,229841,2
3882,229887,7
3883,229957,4
3884,230010,6
3885,230038,3
3886,230047,2
3887,230056,4
3888,230065,1
3889,230135,1
3890,230144,1
3891,230162,6
3892,230171,2
3893,230199,1
3894,230205,1
3895,230214,1
3896,230366,4
3897,230384,0
3898,230418,2
3899,230472,4
3900,230490,6
3901,230597,6
3902,230603,3
3903,230621,4
3904,230630,4
3905,230676,6
3906,230728,2
3907,230737,2
3908,230746,2
3909,230764,3
3910,230782,2
3911,230807,3
3912,230816,3
3913,230825,3
3914,230834,3
3915,230852,3
3916,230861,6
3917,230889,3
3918,230898,3
3919,230913,3
3920,230931,3
3921,230940,3
3922,230959,3
3923,230977,3
3924,230995,3
3925,231004,1
3926,231059,3
3928,231077,3
3929,231086,3
3930,231095,3
3932,231165,6
3933,231174,3
3934,231280,1
3935,231411,6
3936,231420,3
3937,231536,6
3938,231554,3
3939,231581,3
3940,231624,3
3941,231651,3
3942,231688,6
3943,231697,6
3944,231712,3
3945,231721,1
3946,231785,0
3947,231828,4
3948,231837,3
3949,231873,6
3950,231882,6
3952,232016,4
3953,232025,3
3954,232043,3
3955,232052,6
3956,232089,3
3957,232186,3
3958,232195,6
3959,232256,3
3960,232265,7
3961,232308,3
3962,232414,6
3963,232423,3
3964,232450,6
3965,232502,4
3966,232557,2
3967,232566,3
3968,232575,6
3969,232609,3
3970,232618,6
3971,232672,3
3972,232681,3
3973,232706,3
3974,232724,4
3975,232788,6
3976,232797,4
3977,232867,6
3978,232885,6
3979,232919,4
3980,232937,7
3981,232946,2
3982,232982,3
3983,233019,6
3984,233037,6
3985,233082,4
3986,233091,4
3987,233116,6
3988,233277,3
3989,233286,1
3990,233295,3
3991,233301,3
3992,233310,6
3993,233329,4
3994,233338,6
3995,233356,3
3996,233374,3
3997,233408,4
3998,233426,3
3999,233480,4
4000,233541,3
4001,233611,3
4002,233639,6
4003,233648,6
4004,233657,1
4005,233666,1
4006,233684,0
4007,233718,3
4008,233754,6
4009,233772,2
4011,233897,6
4012,233903,6
4013,233912,3
4014,233921,3
4015,233949,6
4016,234030,3
4017,234076,3
4018,234085,3
4019,234119,1
4020,234137,7
4021,234155,7
4022,234164,7
4023,234173,3
4024,234191,1
4026,234216,0
4027,234225,6
4028,234359,3
4029,234377,6
4030,234401,1
4031,234492,0
4032,234650,1
4033,234669,2
4034,234696,6
4035,234711,2
4036,234739,4
4037,234784,4
4038,234827,3
4039,234845,6
4040,234915,3
4041,234924,1
4042,234933,2
4043,234951,6
4044,234979,2
4045,235024,3
4046,235088,1
4047,235097,3
4048,235103,6
4049,235149,2
4050,235158,1
4051,235167,2
4052,235237,2
4053,235307,1
4054,235316,3
4055,235334,6
4056,235343,6
4057,235352,1
4058,235422,2
4059,235431,2
4060,235495,4
4061,235501,1
4062,235510,0
4063,235529,4
4064,235547,3
4065,235583,1
4066,235671,6
4067,235699,6
4068,235750,6
4069,235769,3
4070,235954,1
4071,236018,1
4072,236027,1
4073,236072,2
4074,236133,3
4075,236188,2
4076,236212,4
4077,236230,3
4078,236258,6
4079,236328,3
4080,236382,6
4081,236452,3
4082,236504,6
4083,236513,2
4084,236531,4
4085,236577,3
4086,236595,3
4087,236610,6
4088,236638,6
4089,236656,2
4090,236692,6
4091,236708,2
4092,236744,1
4093,236753,2
4094,236887,6
4095,236896,3
4096,236939,3
4097,236948,3
4098,236975,6
4099,236993,4
4100,237011,3
4101,237039,2
4102,237057,3
4103,237066,3
4104,237109,2
4105,237118,3
4106,237127,1
4107,237136,3
4108,237145,6
4109,237172,6
4110,237181,3
4111,237215,7
4112,237242,6
4113,237303,1
4114,237312,3
4115,237321,1
4116,237330,3
4117,237358,3
4118,237367,3
4119,237385,3
4121,237437,4
4122,237473,6
4123,237491,6
4124,237525,3
4125,237543,6
4126,237552,6
4127,237561,6
4128,237570,1
4129,237598,4
4130,237604,4
4131,237613,4
4132,237640,3
4133,237686,6
4134,237701,6
4135,237729,6
4136,237783,3
4137,237792,3
4138,237817,6
4139,237844,6
4141,237899,7
4142,237905,6
4143,237932,3
4144,237950,3
4145,237969,3
4146,237978,4
4147,237987,4
4148,237996,4
4149,238005,1
4150,238014,6
4151,238032,3
4152,238078,3
4153,238096,6
4154,238166,1
4155,238175,1
4156,238193,3
4157,238263,6
4158,238324,3
4159,238333,3
4160,238397,6
4161,238430,3
4162,238458,3
4163,238476,3
4164,238573,3
4165,238616,3
4166,238661,3
4167,238722,6
4168,238759,6
4169,238786,1
4170,238810,1
4171,238892,0
4172,238980,3
4173,239008,6
4174,239017,3
4175,239071,3
4176,239080,3
4177,239105,3
4178,239132,1
4180,239220,6
4181,239248,6
4182,239309,3
4183,239318,3
4184,239372,6
4185,239390,3
4187,239442,6
4188,239460,6
4189,239488,6
4190,239503,3
4191,239512,3
4192,239628,3
4194,239716,3
4195,239743,3
4196,239877,1
4197,239910,6
4198,239929,4
4199,240055,6
4200,240107,3
4201,240116,6
4202,240125,6
4203,240170,6
4204,240189,3
4205,240198,6
4207,240240,1
4208,240268,3
4209,240277,3
4210,240329,3
4211,240338,3
4212,240365,3
4213,240374,3
4214,240392,0
4215,240417,3
4216,240426,3
4217,240444,3
4218,240453,3
4219,240462,3
4220,240471,3
4221,240480,3
4222,240505,6
4223,240514,6
4224,240596,6
4225,240620,6
4226,240657,6
4227,240666,6
4228,240693,6
4229,240709,1
4230,240718,6
4231,240727,3
4232,240736,2
4233,240745,5
4234,240754,5
4235,240790,5
4236,240879,5
4237,240985,5
4238,241100,5
4239,241128,5
4240,241146,5
4241,241182,5
4242,241191,5
4243,241216,5
4244,241225,5
4245,241304,5
4246,241331,5
4247,241377,5
4248,241386,5
4249,241395,5
4250,241410,5
4251,241517,5
4252,241614,5
4253,241720,5
4254,241739,5
4255,241766,5
4257,241836,5
4258,241906,5
4259,241951,5
4260,242042,5
4261,242112,5
4262,242121,5
4263,242130,5
4264,242149,5
4265,242316,5
4266,242413,5
4267,242422,5
4268,242556,5
4269,242565,5
4270,242583,5
4271,242617,5
4272,242626,5
4273,242635,5
4274,242644,5
4275,242653,5
4276,242662,5
4277,242680,5
4278,242699,5
4279,242705,5
4281,242750,5
4282,242820,5
4283,242884,5
4284,242945,5
4285,242954,5
4286,242972,5
4287,242981,5
4288,243072,5
4290,243106,5
4291,243115,5
4292,243133,5
4293,243142,5
4294,243151,5
4295,243179,5
4296,243188,5
4297,243197,5
4298,243203,5
4299,243212,5
4300,243221,5
4301,243346,5
4302,243407,5
4303,243416,5
4304,243443,5
4306,243568,5
4307,243577,5
4308,243586,5
4309,243601,5
4312,243665,7
4313,243744,3
4314,243780,3
4315,243799,4
4316,243823,3
4317,243832,5
4318,243841,5
4319,244011,0
4320,244154,0
4321,244190,3
4322,244233,4
4323,244279,4
4324,244437,2
4325,244446,6
4326,244491,1
4327,244561,4
4328,244613,6
4329,245032,4
4330,245069,1
4331,245281,1
4332,245290,1
4333,245342,4
4334,245421,4
4335,245430,4
4336,245625,6
4337,245652,3
4338,245731,3
4339,245777,3
4340,245838,2
4341,245847,2
4343,245883,2
4344,245892,3
4345,245953,3
4346,245962,4
4347,245980,1
4348,245999,6
4349,246008,4
4350,246017,6
4351,246035,4
4352,246071,4
4353,246202,4
4354,246266,5
4356,246354,2
4357,246406,1
4358,246415,1
4359,246460,1
4360,246594,1
4362,246813,6
4363,246895,1
4364,246974,4
4365,247010,1
4366,247047,1
4367,247065,4
4368,247153,4
4369,247162,6
4370,247409,4
4371,247603,6
4372,247649,3
4373,247700,0
4375,247825,3
4376,247834,2
4377,247940,6
4378,248165,1
4379,248192,1
4380,248305,1
4381,248314,1
4382,248527,1
4383,248606,6
4384,248624,4
4385,248633,6
4386,248660,1
4387,248703,1
4388,248776,6
4389,248846,0
4390,248882,0
4391,248925,6
4392,248934,4
4393,249061,1
4394,249140,4
4395,249238,1
4396,249566,4
4397,249609,4
4398,250027,4
4399,250072,4
4400,250285,6
4401,250407,4
4402,250498,4
4403,250601,4
4404,250744,4
4405,250902,1
4406,250993,6
4407,251075,4
4408,251251,0
4409,251260,6
4410,251312,0
4411,260293,4
4412,260336,4
4413,260354,4
4414,260363,6
4415,260372,6
4416,260664,4
4417,260691,4
4418,260789,4
4419,260813,4
4420,260901,2
4421,260910,4
4422,260929,1
4423,260947,3
4425,260965,1
4426,260974,0
4427,260992,4
4428,261375,6
4429,261384,6
4430,261393,6
4431,261436,1
4432,261472,0
4433,261676,3
4434,261685,4
4435,261719,1
4436,261773,6
4437,261861,4
4438,261931,4
4440,262031,6
4441,262086,2
4442,262129,2
4443,262235,1
4444,262299,1
4445,262332,0
4446,262341,1
4447,262369,1
4448,262402,1
4449,262457,4
4450,262466,4
4451,262509,4
4452,262660,1
4453,362700,1
4454,362782,1
4455,363013,4
4456,363077,1
4457,363147,1
4458,363165,6
4459,363387,0
4460,363439,4
4461,363590,4
4462,363633,2
4463,363679,1
4464,363712,1
4466,363882,1
4467,363907,5
4468,363916,5
4469,363934,3
4470,364016,2
4471,364025,2
4472,364122,6
4473,364168,3
4474,364326,4
4475,364335,4
4476,364548,6
4477,364575,6
4478,364584,1
4479,364593,4
4480,364618,4
4481,364627,6
4482,364636,6
4483,364751,4
4484,364760,1
4485,364812,1
4486,364946,6
4487,364955,4
4488,364964,6
4489,364973,1
4490,365055,0
4491,365073,1
4492,365091,1
4493,365125,1
4494,365198,6
4495,365204,4
4496,365213,6
4497,365240,6
4498,365374,6
4499,365383,4
4501,365453,1
4502,365480,6
4503,365505,6
4504,365569,1
4505,365693,1
4506,365763,6
4507,365824,4
4508,365833,4
4509,366003,3
4510,366155,1
4511,366191,6
4512,366252,3
4513,366261,1
4514,366270,4
4515,366289,4
4516,366340,6
4518,366395,2
4519,366401,2
4520,366438,1
4521,366447,6
4522,366465,6
4523,366535,4
4524,366544,4
4525,366553,4
4526,366571,6
4527,366580,0
4529,366623,6
4530,366632,6
4531,366650,0
4532,366678,0
4533,366696,0
4534,366711,2
4535,366748,0
4537,366960,4
4538,367024,4
4539,367051,1
4540,367088,1
4541,367097,4
4542,367103,4
4543,367112,4
4544,367130,1
4545,367158,4
4546,367194,3
4547,367316,4
4548,367334,4
4549,367361,0
4550,367398,4
4551,367431,1
4552,367459,2
4553,367662,1
4554,367839,3
4555,367875,6
4556,367884,3
4557,367909,4
4558,367936,0
4560,367972,4
4561,367981,1
4562,368036,4
4563,368230,1
4564,368364,6
4565,368407,6
4566,368443,4
4567,368452,3
4568,368540,1
4569,368601,0
4570,368629,4
4571,368647,6
4572,368771,4
4573,368780,4
4574,368805,4
4575,368832,1
4576,368911,6
4578,369084,0
4579,369109,6
4580,369400,6
4581,369419,4
4582,369446,1
4583,369455,1
4584,369516,4
4586,369668,6
4587,369686,5
4588,369695,1
4589,369783,4
4590,369792,6
4592,369862,4
4593,369905,4
4594,369950,1
4595,371034,1
4596,371052,4
4597,371140,1
4598,371265,4
4599,371690,2
4600,371760,4
4601,371779,4
4602,371830,1
4603,371928,4
4604,371964,4
4605,371982,4
4606,372000,1
4607,372028,4
4608,372037,4
4609,372073,4
4610,372082,2
4611,372213,2
4612,372222,0
4613,372240,1
4614,372329,4
4615,372356,1
4616,372462,1
4617,372578,0
4618,372718,1
4619,372772,4
4620,372921,4
4621,372958,4
4622,373058,4
4623,373085,4
4624,373216,1
4625,373340,1
4626,373526,4
4627,373605,1
4628,373678,1
4629,373696,1
4630,373711,4
4631,373784,4
4632,373827,3
4633,373890,4
4635,374112,4
4636,374316,1
4638,374440,1
4639,374574,4
4640,374592,6
4641,374875,4
4642,374927,1
4643,374972,4
4644,375106,4
4646,375300,4
4647,375319,4
4648,375373,6
4649,375407,4
4650,375416,4
4651,375489,4
4652,375540,1
4653,375568,6
4654,375647,1
4655,375656,6
4656,375683,6
4657,375692,6
4658,375708,6
4659,375717,6
4660,375726,6
4661,375735,6
4662,375744,6
4663,375753,6
4664,375762,6
4665,375841,1
4666,375939,4
4667,375966,4
4668,375984,1
4669,376136,4
4670,376224,5
4671,376242,5
4672,376288,5
4673,376321,5
4674,376330,5
4675,376385,5
4676,376446,1
4677,376631,1
4678,376668,1
4679,376677,1
4681,376987,1
4682,377069,0
4683,377111,4
4684,377193,5
4685,377218,6
4686,377272,1
4687,377281,5
4688,377315,1
4689,377342,4
4690,377449,4
4691,377458,4
4692,377485,6
4693,377546,3
4694,377555,3
4695,377564,3
4696,377643,1
4697,377652,4
4698,377661,4
4699,377670,4
4700,377722,1
4701,377759,4
4702,378105,4
4703,378406,0
4704,378576,4
4705,378886,1
4706,378956,6
4707,379029,0
4708,379135,1
4709,379621,4
4710,379746,5
4711,379782,4
4712,380067,5
4713,380094,4
4714,380359,6
4715,380368,6
4716,380377,6
4717,380401,1
4718,380438,4
4719,380456,1
4720,380465,0
4721,380474,4
4722,381255,5
4723,381282,4
4724,381325,4
4725,381334,4
4727,381361,4
4728,381370,1
4729,381404,1
4731,381486,1
4732,381529,4
4733,381617,4
4734,381635,1
4735,381644,4
4736,381699,1
4737,381705,1
4738,381732,4
4739,381741,4
4740,381750,1
4741,381787,0
4742,381866,4
4743,381909,0
4744,381945,4
4745,382063,0
4746,382258,6
4747,382267,1
4748,382276,4
4749,382416,4
4750,382461,1
4751,382504,4
4752,382771,4
4753,382780,1
4754,382896,4
4755,382902,1
4756,382911,6
4757,382957,4
4758,383020,4
4759,383084,2
4760,383163,1
4761,383172,5
4762,383190,2
4763,383251,1
4764,383279,1
4765,383297,1
4766,383312,6
4767,383330,6
4768,383367,6
4769,383400,4
4770,383464,1
4771,383507,3
4772,383525,4
4773,383765,4
4774,383792,5
4775,383899,4
4776,383950,4
4777,383996,2
4778,384209,4
4779,384254,3
4781,384333,2
4782,384342,6
4783,384412,0
4785,385008,0
4786,385132,1
4787,385503,4
4788,385549,1
4789,385619,3
4791,386472,4
4792,387660,6
4793,387819,1
4794,387925,4
4795,388043,4
4796,388520,3
4797,388663,1
4798,389727,4
4799,389860,6
4800,390701,0
4801,390905,4
4802,391005,1
4803,391333,4
4804,391546,1
4805,391564,4
4806,391582,4
4807,391759,1
4808,391810,1
4809,392257,4
4810,392354,6
4811,392415,4
4812,392798,1
4813,392840,3
4814,393180,6
4815,393524,1
4816,393649,4
4817,393861,1
4818,393977,1
4820,395362,2
4821,395690,4
4822,397270,4
4823,397942,4
4824,398130,3
4825,398574,4
4826,399212,2
4827,399869,4
4828,399911,2
4829,400080,4
4830,400187,1
4831,401223,2
4833,401339,1
4834,401481,1
4835,402563,4
4836,402615,0
4837,402776,0
4838,402800,1
4840,403414,1
4841,403469,6
4842,403478,6
4843,403487,6
4844,404037,1
4845,404055,4
4846,404073,4
4847,404082,4
4849,404338,0
4850,404365,4
4851,404374,4
4852,404383,4
4853,404426,2
4854,404499,0
4855,404505,4
4856,404514,4
4857,404648,6
4858,404684,5
4859,404718,1
4860,404806,5
4861,404912,4
4862,404921,4
4863,404994,4
4864,405012,1
4865,405021,1
4867,405076,5
4868,405748,6
4869,405854,3
4870,405872,6
4871,405979,0
4872,405988,0
4873,405997,0
4874,406006,0
4875,406015,0
4876,406024,4
4877,406033,4
4878,406051,1
4879,406149,4
4880,406194,4
4881,406200,4
4882,406219,4
4883,406325,6
4884,406361,6
4885,406413,4
4886,406422,6
4887,406486,4
4888,406495,1
4889,406547,4
4891,407054,4
4892,407063,0
4893,407090,1
4894,407142,1
4895,407151,1
4896,407179,1
4897,407285,0
4898,407319,0
4899,407328,4
4900,407355,1
4901,407391,1
4902,407407,1
4903,407425,1
4904,407434,1
4905,407452,6
4906,407461,6
4907,407470,1
4908,407489,6
4909,407504,6
4910,407513,6
4911,407522,6
4912,407568,1
4913,407577,6
4914,407595,6
4915,407601,6
4917,407683,5
4918,407708,1
4919,407726,1
4920,407735,1
4921,407832,6
4922,408039,4
4923,408066,1
4924,408163,1
4925,408312,4
4926,408385,5
4927,408394,6
4928,408844,5
4929,408862,1
4930,409032,5
4931,409069,0
4932,409120,6
4933,409166,1
4934,409193,5
4936,409315,2
4937,409537,6
4938,409591,6
4940,409670,4
4941,409698,2
4942,409829,4
4943,409838,0
4944,409874,0
4945,410070,4
4946,410256,4
4947,410283,4
4948,410496,4
4949,410502,0
4950,410520,4
4951,410539,4
4952,410788,1
4953,410797,1
4954,410964,1
4955,411055,4
4956,411374,4
4957,411684,4
4958,411754,4
4959,412003,4
4960,412173,4
4961,412535,4
4962,412544,1
4963,412599,4
4964,413176,6
4966,413413,0
4967,413617,6
4968,413626,6
4969,413635,4
4971,413680,4
4972,413778,4
4973,413802,2
4974,413820,1
4975,413839,0
4976,413848,0
4977,413857,0
4978,413866,0
4979,413884,0
4980,413945,1
4981,413972,1
4982,414054,1
4983,414063,1
4984,414124,6
4985,414160,4
4986,414452,1
4987,414461,5
4988,414489,1
4989,414531,0
4990,414540,1
4991,414559,1
4992,414568,0
4993,414586,0
4994,414595,4
4995,414708,0
4996,414823,3
4997,414841,0
4998,414869,1
4999,414878,0
5000,414911,6
5001,414939,4
5003,415039,1
5004,415057,1
5005,415729,4
5006,415774,4
5007,415987,4
5008,416458,4
5009,416670,1
5010,416801,4
5011,416962,0
5012,416971,1
5013,416980,1
5014,417008,1
5015,417062,1
5016,417105,2
5017,417123,2
5018,417132,1
5019,417178,4
5020,417187,6
5021,417248,6
5022,417257,6
5023,417275,4
5024,417318,5
5025,417327,4
5027,417381,1
5028,417406,1
5029,417442,6
5030,417503,1
5031,417549,4
5032,417576,1
5033,417600,1
5034,417628,6
5035,417637,6
5036,417646,6
5037,417655,6
5038,417673,4
5039,417682,4
5040,417716,4
5041,417725,1
5042,417734,4
5043,417743,6
5044,417752,3
5045,417789,1
5047,417804,1
5048,417831,6
5049,417840,4
5050,417868,4
5051,417886,6
5052,417910,4
5053,417947,4
5054,417983,6
5055,417992,4
5056,418001,4
5057,418010,6
5058,418029,6
5059,418038,4
5060,418056,4
5061,418065,4
5062,418083,4
5063,418126,4
5064,418171,6
5065,418199,6
5066,418205,6
5067,418223,4
5068,418250,6
5069,418269,4
5070,418278,6
5071,418287,6
5072,418296,6
5073,418302,6
5074,418320,6
5075,418339,6
5076,418348,6
5077,418357,6
5078,418384,1
5079,418409,6
5080,418427,4
5081,418445,6
5082,418454,6
5083,418481,4
5084,418506,4
5085,418515,6
5086,418524,4
5087,418533,4
5088,418542,6
5089,418560,6
5090,418588,6
5091,418603,6
5092,418612,4
5093,418658,4
5095,418700,5
5096,418755,5
5097,418764,5
5098,418773,5
5099,418782,5
5100,418870,4
5101,418889,6
5102,418913,5
5103,418968,1
5104,419031,6
5105,419095,6
5106,419147,1
5107,419156,1
5108,419183,4
5109,419226,6
5110,419235,1
5111,419244,1
5112,419253,1
5113,419262,4
5114,419271,1
5115,419280,1
5116,419314,1
5117,419332,6
5118,419341,1
5119,419411,4
5120,419420,6
5121,419457,0
5122,419484,6
5123,419509,0
5124,419633,1
5125,419660,1
5126,419703,5
5127,419712,5
5128,419721,5
5129,420006,4
5130,420024,4
5131,420042,0
5132,420103,4
5133,420130,4
5134,420194,1
5135,420200,1
5137,420255,5
5138,420307,0
5139,420316,4
5141,420343,6
5142,420370,4
5143,420398,2
5144,420404,0
5145,420431,6
5146,420440,6
5147,420459,6
5148,420468,6
5149,420495,4
5150,420501,0
5151,420538,6
5152,420556,6
5154,420608,1
5156,420723,6
5157,420866,0
5158,420981,4
5159,421009,0
5160,421018,0
5161,421513,4
5162,421540,6
5163,421559,6
5164,421586,5
5165,421610,1
5166,421665,1
5167,421708,4
5168,421717,6
5169,421771,1
5170,421832,4
5171,421841,3
5172,421878,4
5173,421896,5
5174,422020,4
5175,422190,1
5176,422695,4
5177,422835,4
5178,423120,5
5179,423397,5
5180,423582,4
5182,423652,6
5183,423980,1
5184,425250,4
5185,425870,4
5186,425889,4
5187,425986,4
5188,426314,2
5189,427025,4
5190,427308,4
5191,427335,1
5192,427663,0
5193,427894,6
5194,427919,4
5195,427973,6
5196,427982,4
5197,427991,6
5198,428000,1
5199,428019,6
5200,428055,5
5201,428073,1
5202,428125,1
5203,428143,4
5204,428170,4
5205,428259,0
5206,428268,0
5207,428286,0
5208,428329,4
5209,428392,6
5210,428444,0
5211,429012,3
5214,429100,4
5215,429128,6
5216,429599,0
5217,430050,4
5218,430087,0
5219,430096,4
5220,430148,4
5221,430157,0
5222,430166,0
5223,430175,4
5224,430184,0
5225,430218,1
5226,430227,1
5227,430245,5
5228,430254,4
5229,430263,0
5230,430306,4
5231,430342,4
5232,430351,0
5233,430360,0
5234,430379,0
5235,430388,0
5236,430403,4
5237,430421,4
5238,430485,3
5239,430564,1
5240,430582,5
5242,430643,6
5243,430670,5
5244,430704,4
5245,430795,6
5246,430810,3
5247,430847,6
5248,430883,6
5249,430908,6
5250,430935,5
5251,430971,4
5252,430980,4
5253,430999,4
5254,431017,6
5255,431026,4
5256,431071,4
5257,431099,1
5258,431105,6
5259,431123,5
5260,431141,4
5261,431169,6
5262,431187,6
5263,431196,4
5264,431202,6
5265,431266,6
5266,431275,6
5267,431284,1
5268,431309,5
5269,431558,6
5271,431600,4
5272,431637,1
5273,431691,6
5274,431707,6
5275,431716,6
5276,431770,6
5277,431877,6
5278,431886,4
5279,431929,5
5280,431956,4
5281,431965,1
5283,432074,6
5284,432117,1
5285,432223,0
5286,432232,0
5287,432241,0
5288,432269,5
5289,432302,4
5292,432384,4
5293,432524,3
5294,432533,0
5295,433004,4
5296,433013,4
5297,433040,4
5298,433068,6
5299,433101,4
5300,433138,6
5301,433165,4
5302,433174,6
5303,433387,3
5304,433420,4
5305,433466,0
5306,433536,4
5307,433563,4
5308,433660,3
5309,433970,4
5310,434016,6
5311,434034,3
5312,434052,0
5313,434061,6
5315,434140,4
5316,434159,4
5317,434274,1
5318,434283,1
5319,434308,4
5320,434317,4
5321,434344,1
5322,434362,6
5323,434380,1
5324,434414,3
5325,434432,4
5327,434469,4
5328,434496,1
5329,434502,1
5330,434520,4
5331,434539,4
5332,434548,0
5333,434557,0
5334,434566,0
5335,434575,0
5336,434584,6
5337,434672,2
5338,434690,0
5340,434751,6
5341,434812,4
5342,434821,4
5343,434830,1
5344,434900,5
5345,434937,3
5346,434946,0
5347,434955,0
5348,434964,0
5349,434973,0
5350,434982,0
5351,434991,0
5352,435000,3
5353,436003,4
5354,436012,4
5356,436030,1
5357,436067,1
5358,436094,0
5359,436100,1
5360,436182,4
5361,436191,4
5362,436225,4
5364,436270,4
5365,436304,6
5366,436429,2
5367,436438,0
5368,436465,5
5369,436483,0
5370,436553,5
5371,436599,1
5372,436614,3
5373,436632,4
5374,436641,4
5375,436650,4
5376,436702,4
5377,436775,1
5378,436818,3
5379,436827,3
5380,436836,3
5381,437042,0
5382,437051,0
5383,437060,4
5384,437097,3
5385,437103,2
5386,437219,0
5387,437237,6
5388,437316,4
5389,437501,4
5390,437529,1
5391,437556,4
5392,437608,5
5393,437635,4
5394,437653,2
5395,437662,4
5397,437732,4
5398,437750,3
5399,437769,4
5400,437778,1
5401,437848,0
5402,437857,1
5403,437884,4
5404,437936,4
5405,438151,0
5406,438179,4
5407,438197,4
5408,438212,4
5409,438258,4
5410,438267,4
5411,438285,4
5412,438294,4
5413,438337,5
5414,438382,0
5415,438416,0
5416,438498,4
5417,438504,4
5418,438586,0
5419,438601,0
5420,438610,0
5421,438629,0
5422,438647,4
5423,438656,4
5424,438674,1
5425,438708,6
5426,438735,6
5427,438805,4
5428,438869,4
5429,438902,4
5430,438984,5
5431,439020,4
5432,439039,4
5433,439057,0
5434,439118,4
5435,439127,4
5436,439136,0
5437,439145,2
5438,439190,2
5439,439279,0
5440,439288,3
5441,439297,0
5442,439303,4
5443,439312,0
5444,439367,4
5446,439400,1
5447,439437,4
5448,439446,4
5449,439455,4
5450,439473,1
5451,439482,4
5452,439491,4
5453,439507,4
5454,439525,4
5455,439570,4
5456,439589,1
5457,439613,3
5458,439622,4
5459,439631,1
5460,439668,4
5461,439686,4
5462,439701,3
5463,439729,1
5464,439738,4
5465,439747,1
5466,439774,5
5468,439792,4
5470,439826,4
5471,439844,1
5472,439862,5
5473,439871,4
5474,439899,3
5475,439905,4
5477,439932,1
5478,439969,4
5479,439978,1
5480,439996,4
5483,440059,4
5484,440077,1
5485,440086,4
5486,440101,1
5487,440110,4
5488,440129,4
5489,440147,0
5490,440174,4
5491,440217,6
5492,440226,1
5493,440262,4
5494,440271,4
5495,440299,4
5496,440323,4
5497,440332,5
5498,440341,0
5499,440369,4
5500,440402,6
5501,440411,3
5502,440420,0
5503,440439,0
5504,440448,0
5505,440457,0
5506,440466,0
5507,440484,0
5508,440642,0
5509,440651,5
5510,440730,6
5511,440749,0
5512,440758,0
5513,440767,0
5514,440776,5
5515,440794,4
5516,440800,4
5517,440819,4
5518,440828,3
5519,440855,4
5520,440873,4
5521,440882,4
5522,440891,4
5523,440907,4
5525,440925,0
5526,440952,4
5527,440989,1
5528,441016,4
5529,441025,4
5530,441052,4
5531,441070,6
5532,441089,6
5535,441168,1
5537,441195,4
5538,441201,4
5539,441210,2
5540,441229,4
5541,441256,1
5542,441274,1
5544,441317,6
5545,441335,6
5546,441353,6
5547,441362,4
5548,441371,4
5549,441380,1
5550,441405,1
5551,441414,2
5552,441423,4
5553,441432,4
5554,441441,4
5555,441478,0
5556,441487,4
5557,441496,6
5558,441502,4
5559,441511,4
5560,441548,4
5561,441575,4
5562,441593,4
5564,441618,1
5565,441627,4
5566,441636,4
5567,441645,1
5568,441663,4
5569,441672,1
5570,441690,5
5571,441706,5
5572,441742,4
5573,441751,1
5574,441760,6
5575,441779,1
5576,441788,6
5577,441830,4
5578,441858,4
5579,441876,1
5580,441894,6
5581,441900,2
5582,441919,4
5583,441928,4
5584,441937,2
5585,441955,0
5586,441964,0
5587,441973,0
5589,442037,4
5590,442046,4
5592,442073,4
5593,442134,4
5594,442143,0
5595,442152,0
5596,442161,0
5597,442170,0
5598,442189,0
5599,442204,4
5600,442213,6
5601,442222,0
5602,442231,0
5603,442240,1
5605,442329,4
5606,442338,0
5607,442347,0
5608,442356,4
5609,442383,4
5610,442408,4
5611,442426,4
5612,442435,4
5613,442444,4
5614,442462,4
5615,442523,3
5616,442569,3
5617,442578,0
5618,442602,4
5619,442611,6
5620,442620,4
5621,442639,0
5622,442648,4
5623,442657,4
5624,442718,0
5625,442727,4
5626,442736,4
5627,442745,4
5628,442781,2
5629,442790,4
5631,442815,4
5632,442842,4
5633,442879,4
5634,442888,4
5635,442897,0
5636,442930,4
5637,442949,4
5638,442958,1
5639,442967,4
5640,442976,6
5641,442985,4
5642,443021,1
5644,443049,3
5645,443058,3
5647,443100,5
5648,443137,4
5649,443146,1
5650,443173,1
5651,443207,4
5652,443216,4
5653,443225,4
5654,443234,4
5655,443252,5
5656,443261,4
5657,443270,4
5658,443289,1
5659,443298,1
5660,443322,5
5661,443331,4
5662,443340,3
5663,443359,1
5664,443377,3
5665,443410,3
5666,443429,4
5667,443438,4
5668,443474,0
5669,443483,4
5670,443492,6
5671,443526,0
5672,443535,0
5673,443544,0
5674,443562,5
5675,443571,4
5677,443623,1
5678,443632,4
5679,443641,1
5680,443650,4
5681,443669,4
5682,443678,1
5683,443687,0
5684,443696,0
5686,443739,4
5687,443748,4
5688,443766,0
5689,443784,0
5690,443827,5
5691,443836,5
5692,443845,4
5693,443854,4
5694,443881,0
5695,443890,0
5696,443924,0
5697,443942,1
5698,443951,5
5699,443979,1
5700,444024,4
5701,444042,5
5702,444051,1
5703,444079,4
5704,444088,4
5706,444121,4
5707,444130,0
5708,444158,0
5709,444167,4
5710,444194,5
5711,444200,4
5712,444219,2
5713,444228,1
5714,444237,4
5715,444255,4
5716,444264,5
5717,444282,1
5718,444291,1
5719,444307,1
5720,444316,1
5721,444325,4
5722,444334,5
5723,444343,4
5724,444352,5
5725,444361,4
5726,444370,5
5727,444389,4
5728,444398,5
5729,444404,1
5731,444422,1
5732,444440,1
5733,444468,1
5734,444486,1
5735,444510,4
5736,444529,4
5737,444547,1
5738,444556,1
5739,444565,1
5740,444574,4
5741,444583,5
5742,444592,1
5743,444608,1
5744,444635,4
5745,444644,4
5746,444653,1
5747,444662,4
5748,444671,5
5749,444680,5
5751,444705,1
5752,444714,4
5753,444723,0
5754,444732,5
5755,444769,4
5756,444778,3
5757,444787,4
5758,444796,4
5759,444811,4
5760,444857,1
5761,444866,4
5762,444893,4
5763,444909,1
5764,444927,0
5765,444936,1
5766,444945,4
5767,444954,6
5768,444972,4
5769,444990,0
5770,445018,6
5771,445027,0
5772,445072,0
5773,445081,0
5774,445090,4
5775,445115,1
5776,445124,0
5777,445133,0
5778,445142,4
5779,445188,3
5780,445197,4
5781,445203,4
5782,445212,1
5783,445221,1
5784,445230,4
5785,445249,4
5786,445258,4
5787,445267,3
5788,445276,0
5789,445300,0
5790,445319,0
5791,445328,4
5792,445346,4
5793,445364,4
5794,445373,4
5795,445382,4
5796,445391,0
5797,445434,4
5798,445461,4
5799,445470,4
5800,445498,5
5801,445504,1
5802,445540,1
5803,445559,4
5804,445577,4
5805,445601,4
5806,445610,4
5807,445638,4
5808,445647,1
5809,445656,1
5810,445665,1
5811,445674,6
5812,445683,1
5813,445692,3
5814,445708,3
5815,445717,0
5816,445726,1
5817,445735,3
5818,445744,4
5819,445753,4
5820,445762,6
5821,445771,4
5822,445780,1
5823,445799,6
5824,445814,4
5825,445841,1
5826,445850,1
5828,445896,1
5829,445911,4
5830,445920,0
5831,445939,0
5832,445948,4
5833,445957,4
5834,445984,5
5835,445993,1
5838,446048,3
5839,446057,4
5840,446075,1
5841,446084,4
5842,446093,4
5843,446109,4
5844,446118,4
5845,446127,4
5846,446136,4
5847,446145,4
5848,446163,2
5849,446190,1
5850,446206,1
5851,446215,1
5852,446224,4
5853,446233,3
5854,446242,1
5855,446251,4
5856,446260,1
5857,446288,1
5858,446303,4
5859,446349,4
5860,446385,3
5861,446394,3
5862,446400,4
5863,446437,4
5864,446446,4
5865,446455,3
5866,446464,4
5867,446491,1
5868,446516,5
5869,446525,1
5870,446534,1
5871,446543,1
5872,446552,4
5873,446561,4
5874,446570,1
5875,446589,5
5876,446598,4
5877,446604,3
5878,446640,3
5879,446668,3
5880,446677,4
5881,446729,0
5882,446738,0
5883,446747,0
5884,446756,0
5885,446765,0
5886,446774,6
5887,446792,0
5888,446808,0
5889,446817,0
5890,446835,0
5891,446844,1
5892,446853,4
5893,446880,4
5894,446899,0
5895,446905,0
5896,446914,0
5897,446923,0
5899,446996,1
5900,447014,4
5901,447023,4
5902,447050,0
5903,447069,0
5904,447102,4
5905,447120,4
5906,447148,1
5907,447157,1
5908,447166,1
5909,447175,1
5910,447209,4
5911,447218,4
5912,447227,4
5913,447236,4
5914,447245,4
5915,447254,1
5916,447263,4
5917,447272,0
5918,447290,4
5919,447315,0
5920,447324,0
5921,447333,0
5922,447342,1
5923,447351,4
5924,447360,4
5925,447379,4
5926,447388,4
5927,447403,6
5928,447421,4
5929,447430,1
5930,447449,1
5931,447458,0
5932,447467,4
5933,447476,4
5934,447494,4
5935,447519,4
5936,447528,5
5937,447582,6
5938,447591,4
5939,447625,4
5940,447634,4
5941,447652,0
5942,447661,0
5943,447670,0
5944,447689,3
5946,447704,1
5947,447713,4
5948,447722,4
5949,447731,1
5950,447759,4
5951,447768,4
5952,447777,4
5953,447795,4
5955,447810,4
5956,447847,3
5957,447856,5
5958,447865,1
5959,447874,4
5960,447883,1
5961,447892,1
5962,447908,1
5963,447917,4
5964,447935,4
5965,447953,3
5966,447962,4
5967,447971,1
5968,447980,1
5969,447999,4
5970,448008,1
5971,448017,4
5972,448026,1
5973,448035,4
5974,448044,4
5975,448053,1
5976,448071,1
5977,448105,4
5978,448114,4
5979,448123,5
5980,448141,1
5981,448150,1
5982,448196,4
5983,448202,1
5984,448211,1
5985,448220,1
5986,448239,3
5987,448248,6
5988,448257,1
5989,448275,4
5990,448284,3
5991,448309,0
5992,448345,0
5993,448354,4
5994,448372,4
5995,448406,4
5996,448415,4
5997,448424,1
5998,448433,4
5999,448442,0
6000,448451,0
6001,448460,0
6002,448479,0
6003,448488,0
6004,448497,0
6005,448503,0
6006,448512,0
6007,448521,0
6008,448530,0
6009,448567,0
6010,448576,0
6011,448585,0
6012,448594,2
6013,448600,4
6014,448619,4
6015,448628,0
6016,448646,4
6017,448664,4
6018,448673,0
6019,448707,5
6020,448716,5
6021,448734,0
6022,448752,4
6023,448761,4
6024,448770,6
6025,448798,1
6026,448804,6
6027,448822,0
6028,448831,0
6029,448840,3
6030,448859,4
6032,448895,1
6033,448974,4
6034,448983,4
6035,449010,3
6036,449038,0
6037,449074,4
6038,449083,5
6039,449092,5
6040,449117,4
6041,449126,4
6042,449135,5
6043,449144,5
6044,449153,5
6045,449162,0
6046,449171,0
6047,449180,0
6048,449199,0
6049,449205,0
6050,449214,0
6051,449223,0
6052,449232,0
6053,449241,0
6054,449250,4
6055,449269,4
6056,449302,4
6057,449311,1
6058,449320,4
6059,449339,2
6060,449348,4
6061,449357,4
6062,449366,1
6063,449375,4
6064,449384,1
6065,449393,1
6066,449436,4
6067,449445,4
6068,449454,4
6069,449463,1
6070,449472,1
6072,449490,1
6073,449506,4
6074,449524,4
6075,449533,4
6077,449597,1
6078,449603,1
6079,449612,1
6080,449658,3
6081,449667,4
6082,449676,4
6083,449685,4
6084,449700,4
6085,449719,4
6086,449728,4
6087,449746,5
6088,449764,3
6089,449773,4
6090,449782,1
6091,449791,4
6092,449807,1
6093,449816,6
6094,449852,1
6095,449861,4
6096,449870,2
6097,449898,4
6098,449904,5
6100,449931,0
6101,449959,1
6102,449968,1
6103,449977,1
6104,449986,1
6105,449995,1
6106,450003,4
6107,450021,4
6108,450049,0
6109,450058,4
6110,450067,4
6111,450076,4
6112,450085,0
6113,450094,0
6114,450119,4
6115,450128,4
6116,450146,1
6117,450155,4
6118,450173,4
6119,450182,1
6120,450191,4
6121,450207,0
6122,450216,0
6123,450225,0
6124,450234,0
6125,450243,0
6126,450252,0
6127,450261,0
6128,450270,0
6129,450289,4
6130,450298,0
6132,450377,0
6133,450395,1
6134,450401,1
6135,450429,4
6136,450447,0
6137,450456,0
6138,450465,0
6139,450474,0
6140,450483,0
6141,450492,0
6142,450526,0
6143,450535,0
6144,450544,0
6145,450571,0
6146,450580,1
6147,450599,1
6148,450605,1
6149,450614,1
6150,450623,1
6151,450632,4
6152,450641,1
6153,450650,1
6154,450669,4
6155,450678,4
6156,450696,4
6157,450702,4
6158,450720,1
6159,450739,1
6160,450757,1
6161,450766,3
6162,450784,0
6163,450793,0
6164,450809,0
6165,450818,0
6166,450827,0
6167,450836,0
6168,450845,0
6169,450854,0
6170,450863,0
6171,450872,0
6172,450881,0
6173,450933,2
6175,450951,1
6176,450960,4
6177,450979,0
6178,450988,1
6179,451006,4
6180,451015,4
6181,451033,6
6182,451042,1
6183,451051,4
6184,451060,3
6186,451097,1
6187,451103,5
6188,451121,1
6190,451149,1
6191,451158,1
6192,451167,1
6193,451194,4
6194,451219,4
6195,451228,4
6196,451237,1
6197,451255,1
6198,451264,4
6199,451282,1
6200,451291,4
6201,451307,1
6202,451316,1
6203,451334,1
6204,451343,1
6205,451352,4
6206,451361,4
6207,451370,3
6209,451404,3
6210,451413,4
6211,451422,4
6212,451440,4
6213,451459,6
6214,451468,1
6215,451477,4
6216,451495,6
6217,451501,5
6219,451529,1
6220,451538,1
6221,451547,1
6222,451556,5
6223,451565,1
6224,451574,1
6225,451583,6
6226,451592,4
6227,451617,1
6228,451626,1
6229,451635,4
6231,451653,1
6232,451662,3
6233,451671,3
6234,451699,4
6235,451705,4
6236,451714,1
6237,451741,5
6238,451750,4
6239,451769,0
6240,451796,0
6241,451802,1
6242,451811,1
6243,451820,0
6244,451848,0
6245,451857,4
6246,451866,4
6247,451875,0
6248,451884,0
6249,451909,4
6250,451918,1
6251,451936,0
6252,451945,0
6253,451954,0
6254,451963,0
6255,451972,0
6256,451981,0
6257,451990,0
6258,452009,1
6259,452018,0
6260,452027,0
6261,452036,1
6262,452045,1
6263,452054,1
6264,452063,0
6265,452072,4
6266,452081,4
6267,452090,0
6268,452106,5
6269,452115,4
6270,452124,4
6271,452373,4
6272,452948,4
6273,453075,4
6274,453109,4
6275,453127,0
6276,453163,0
6277,453215,0
6278,453455,4
6279,453464,4
6280,453473,4
6281,453482,4
6282,453552,4
6283,453570,1
6284,453747,4
6285,453756,4
6286,453817,6
6287,454078,1
6288,454175,4
6289,454184,3
6290,454227,4
6291,454236,4
6292,454245,4
6293,454306,4
6294,454315,0
6295,454324,0
6296,454333,0
6297,454342,0
6298,454351,0
6299,454360,0
6300,454379,0
6301,454388,0
6302,454397,0
6303,454458,4
6304,454467,0
6305,454476,0
6306,454485,0
6307,454494,0
6308,454500,0
6309,454519,0
6310,454528,0
6311,454537,1
6312,454546,1
6313,454555,1
6314,454573,1
6315,454582,3
6316,454591,4
6317,454607,1
6318,454616,3
6319,454625,4
6320,454652,1
6321,454689,3
6322,454698,4
6323,454704,5
6324,454722,1
6325,454731,4
6326,454740,4
6327,454759,1
6328,454768,1
6329,454777,1
6330,454786,4
6331,454795,4
6332,454801,4
6333,454810,1
6334,454829,2
6336,454847,1
6337,454856,4
6338,454865,4
6339,454874,1
6340,454883,4
6341,454892,1
6342,454908,5
6343,454917,5
6344,454926,1
6345,454935,1
6346,454944,1
6347,454953,1
6348,454962,1
6349,454971,1
6350,454980,1
6351,454999,1
6352,455008,1
6353,455017,1
6354,455026,1
6356,455053,1
6357,455062,1
6358,455071,4
6359,455080,1
6361,455105,1
6362,455114,6
6363,455141,1
6366,455187,1
6367,455196,4
6368,455202,4
6369,455211,1
6370,455220,1
6371,455239,1
6372,455248,1
6373,455257,3
6374,455275,1
6375,455284,1
6376,455293,1
6377,455327,4
6378,455336,1
6379,455345,4
6380,455354,1
6381,455381,1
6382,455390,4
6384,455415,1
6385,455424,1
6387,455460,4
6388,455479,4
6389,455488,4
6390,455497,4
6391,455512,2
6392,455549,4
6393,455558,1
6394,455567,4
6395,455585,3
6396,455600,4
6397,455619,4
6398,455628,4
6399,455646,4
6400,455655,4
6402,455673,4
6404,455707,4
6405,455716,4
6406,455725,1
6407,455734,4
6408,455743,4
6409,455752,4
6410,455761,1
6411,455770,3
6412,455798,1
6415,455831,4
6416,455840,4
6417,455859,1
6418,455868,4
6419,455877,1
6420,455886,1
6421,455895,1
6422,455901,1
6423,455910,4
6424,455929,1
6425,455938,6
6426,455947,1
6427,455956,5
6428,455965,1
6429,455974,5
6430,455983,4
6432,456001,1
6433,456010,0
6434,456029,1
6435,456038,4
6436,456056,4
6437,456065,1
6438,456074,1
6439,456092,1
6440,456117,4
6441,456126,1
6442,456135,1
6443,456144,1
6444,456153,4
6445,456180,4
6446,456205,4
6447,456214,4
6448,456250,1
6449,456278,4
6450,456287,1
6451,456296,0
6452,456302,1
6453,456311,4
6454,456320,4
6455,456339,4
6456,456348,0
6457,456357,4
6458,456366,4
6459,456375,4
6460,456393,0
6461,456409,0
6462,456418,0
6463,456427,0
6464,456436,0
6465,456445,0
6466,456454,4
6467,456481,0
6468,456490,2
6469,456506,4
6470,456515,4
6472,456551,1
6473,456560,6
6474,456588,1
6475,456597,1
6476,456612,4
6477,456621,0
6478,456630,0
6479,456667,0
6480,456719,0
6481,456728,0
6482,456737,0
6483,456746,0
6484,456755,0
6485,456764,0
6486,456773,0
6487,456782,0
6488,456791,4
6489,456807,0
6490,456816,4
6491,456825,1
6492,456834,0
6493,456852,4
6494,456861,1
6495,456922,5
6496,456931,4
6497,456940,1
6498,456959,3
6499,456968,1
6500,456977,4
6501,457004,4
6502,457022,4
6503,457031,1
6504,457077,1
6505,457086,4
6506,457101,4
6507,457110,4
6508,457129,4
6509,457174,4
6510,457183,4
6511,457192,1
6512,457208,4
6513,457226,3
6514,457244,1
6515,457253,1
6517,457280,1
6518,457299,4
6519,457314,4
6520,457323,1
6521,457332,1
6522,457341,1
6523,457350,4
6524,457378,6
6525,457387,6
6526,457396,1
6527,457402,4
6528,457411,4
6529,457420,1
6530,457439,1
6531,457448,1
6532,457457,1
6533,457466,1
6534,457475,1
6535,457484,3
6536,457493,1
6537,457509,1
6538,457527,4
6539,457536,4
6540,457545,1
6541,457554,1
6542,457563,1
6543,457572,1
6544,457581,1
6545,457590,4
6546,457606,1
6547,457615,6
6548,457624,6
6549,457633,1
6550,457642,1
6551,457651,4
6552,457679,1
6553,457688,4
6554,457697,3
6555,457703,1
6556,457721,1
6557,457730,1
6558,457749,1
6559,457758,1
6560,457767,4
6561,457776,1
6562,457785,1
6563,457794,4
6564,457800,4
6565,457819,1
6566,457828,4
6567,457837,1
6568,457846,4
6569,457855,1
6570,457864,4
6571,457873,6
6572,457891,1
6573,457916,1
6574,457925,3
6575,457943,6
6576,457952,1
6577,457961,1
6578,457989,4
6579,457998,1
6580,458007,1
6581,458016,4
6582,458025,4
6583,458034,4
6584,458043,1
6585,458052,1
6586,458061,1
6587,458070,1
6588,458098,1
6589,458104,1
6590,458113,3
6592,458131,1
6593,458140,6
6595,458168,1
6596,458177,0
6597,458186,4
6598,458195,4
6599,458210,4
6600,458229,4
6601,458247,4
6602,458256,4
6603,458265,4
6604,458274,1
6605,458283,4
6606,458292,0
6607,458308,0
6608,458317,0
6609,458326,0
6610,458335,0
6611,458344,0
6612,458353,0
6613,458362,0
6614,458371,4
6615,458380,4
6616,458399,1
6617,458405,4
6618,458414,4
6619,458423,4
6620,458432,4
6621,458441,4
6622,458469,5
6623,458478,4
6624,458487,1
6625,458496,1
6626,458502,4
6627,458557,4
6628,458593,4
6629,458609,0
6630,458618,0
6631,458627,0
6632,458636,0
6633,458645,4
6634,458654,0
6635,458663,4
6636,458681,4
6637,458690,4
6638,458706,4
6639,458715,4
6640,458733,4
6641,458742,0
6642,458751,4
6643,458760,4
6644,458779,4
6645,458797,4
6646,458803,1
6647,458812,1
6648,458821,1
6649,458830,1
6650,458849,1
6651,458858,1
6652,458867,1
6653,458885,0
6654,458919,0
6655,458937,0
6656,458955,0
6657,458964,0
6658,458973,0
6659,458982,1
6660,458991,4
6661,459000,1
6662,459019,1
6663,459028,4
6664,459037,1
6665,459046,1
6666,459055,1
6667,459064,1
6668,459073,1
6669,459091,1
6670,459107,0
6671,459116,1
6672,459125,1
6673,459134,1
6674,459143,1
6675,459152,4
6676,459161,4
6677,459170,1
6678,459189,1
6679,459198,1
6680,459204,4
6681,459213,4
6683,459231,1
6684,459259,0
6685,459268,0
6686,459277,1
6687,459286,1
6688,459295,1
6689,459301,1
6690,459310,5
6691,459329,6
6692,459338,5
6693,459347,1
6694,459356,4
6695,459365,1
6696,459374,1
6697,459392,1
6698,459408,6
6699,459417,3
6700,459426,1
6701,459435,1
6702,459444,4
6703,459453,1
6704,459462,1
6705,459471,1
6706,459480,1
6707,459499,4
6708,459514,4
6709,459523,1
6710,459532,5
6711,459541,1
6712,459550,1
6713,459569,1
6714,459578,1
6715,459587,0
6716,459596,0
6717,459602,0
6718,459611,0
6719,459620,0
6720,459639,0
6721,459648,0
6722,459657,0
6723,459666,0
6724,459675,0
6725,459684,0
6726,459693,0
6727,459709,0
6728,459718,0
6729,459727,3
6732,459815,4
6733,459824,4
6734,459833,4
6735,459842,4
6736,459851,4
6737,459930,0
6738,459958,4
6739,459967,5
6740,459985,5
6741,459994,0
6742,460002,1
6743,460011,1
6744,460020,4
6745,460039,4
6746,460048,4
6747,460057,1
6748,460066,1
6749,460075,2
6750,460093,4
6751,460109,4
6752,460118,4
6753,460127,4
6754,460136,4
6755,460145,4
6756,460181,4
6757,460190,4
6758,460206,4
6759,460215,0
6760,460349,3
6761,460358,4
6762,460367,4
6763,460394,2
6764,460446,1
6765,460455,4
6766,460464,2
6767,460473,4
6768,460482,4
6769,460516,1
6770,460525,4
6771,460534,5
6773,460552,4
6774,460561,1
6775,460570,4
6776,460589,4
6777,460598,4
6778,460613,4
6779,460631,1
6780,460640,4
6781,460659,4
6782,460668,4
6783,460677,5
6784,460695,4
6785,460701,1
6786,460710,1
6787,460729,2
6788,460738,2
6789,460747,3
6790,460756,4
6791,460765,1
6792,460774,4
6793,460783,0
6794,460808,4
6795,460817,4
6796,460826,4
6797,460835,4
6798,460844,4
6799,460853,4
6800,460862,1
6801,460871,4
6802,460899,4
6803,460905,1
6804,460914,1
6805,460923,4
6806,460932,1
6808,460950,4
6809,460969,5
6810,460978,1
6811,460987,1
6812,460996,1
6813,461005,4
6814,461014,4
6815,461023,0
6816,461032,3
6817,461041,4
6818,461111,1
6821,461148,3
6822,461157,3
6823,461175,1
6824,461193,1
6825,461218,4
6826,461227,1
6827,461236,3
6828,461245,6
6829,461254,4
6830,461263,4
6831,461272,1
6832,461281,2
6833,461290,1
6834,461306,6
6835,461315,6
6836,461324,4
6837,461333,3
6839,461351,4
6840,461360,1
6841,461379,4
6842,461388,1
6843,461397,1
6844,461403,1
6845,461412,6
6846,461421,1
6847,461430,6
6848,461449,1
6849,461458,1
6850,461476,1
6851,461485,6
6852,461494,1
6853,461500,1
6854,461528,3
6855,461537,1
6856,461546,1
6857,461555,1
6858,461564,1
6859,461573,6
6860,461582,1
6861,461591,1
6862,461607,1
6863,461616,1
6864,461625,5
6865,461634,4
6866,461643,3
6867,461652,1
6868,461661,4
6869,461670,4
6870,461689,4
6871,461698,1
6872,461704,1
6873,461713,1
6874,461722,1
6875,461731,1
6876,461740,1
6877,461759,4
6878,461768,1
6879,461777,4
6880,461786,1
6881,461795,3
6882,461801,1
6883,461810,1
6884,461829,1
6885,461838,1
6887,461856,4
6888,461865,4
6889,461874,1
6890,461883,2
6891,461892,4
6892,461908,1
6893,461917,1
6894,461926,1
6895,461935,1
6896,461944,1
6897,461953,4
6898,461962,6
6899,461971,1
6900,461980,1
6901,461999,1
6902,462008,1
6903,462017,1
6904,462026,1
6905,462035,4
6907,462053,4
6908,462062,1
6909,462071,1
6911,462266,4
6912,462309,4
6913,462318,1
6914,462327,1
6915,462336,1
6916,462345,1
6917,462354,3
6918,462363,0
6919,462372,0
6920,462390,0
6921,465812,4
6922,466152,0
6923,466161,4
6924,466170,0
6925,466189,0
6926,466514,4
6927,466523,4
6928,466921,4
6929,466930,4
6930,467058,0
6931,467094,1
6932,467155,4
6933,467340,4
6934,467368,4
6935,467508,0
6936,467517,0
6937,467526,0
6938,467535,0
6939,467544,0
6940,467553,0
6941,467562,0
6942,467571,0
6943,467580,0
6944,467599,0
6945,467605,0
6946,467614,0
6947,467623,0
6948,467632,0
6949,467641,0
6950,467650,0
6951,467669,0
6952,467678,0
6953,467784,4
6954,467793,4
6955,467809,1
6956,467863,1
6957,467872,1
6958,467881,4
6959,467906,1
6961,468015,0
6962,468024,4
6963,468246,1
6964,468255,1
6965,468398,1
6966,468705,1
6967,468723,5
6968,468732,1
6969,468769,4
6970,468866,1
6971,468875,5
6972,468893,1
6973,468963,4
6974,469054,4
6975,469124,4
6976,469133,4
6977,469142,4
6978,469151,4
6979,469160,4
6980,469188,0
6981,469197,1
6982,469391,5
6983,469407,5
6984,469416,5
6985,469568,4
6986,469586,4
6987,469610,0
6988,469629,4
6989,469638,4
6990,469647,4
6991,469911,4
6992,469920,4
6993,469957,1
6994,469975,4
6995,469993,1
6996,470047,4
6997,470092,0
6998,470162,4
6999,470223,1
7000,470296,5
7001,470302,1
7002,470393,1
7003,470852,0
7004,470861,0
7005,470870,0
7006,470889,0
7007,470898,0
7008,470904,0
7009,474702,0
7010,474863,2
7011,474881,3
7012,474890,4
7013,474906,4
7014,474915,1
7015,474924,1
7016,474933,1
7017,474942,1
7018,474951,0
7019,474960,0
7020,474979,0
7021,474997,4
7022,475015,1
7023,475024,4
7025,475042,0
7026,475051,4
7027,475060,4
7028,475079,4
7030,475121,4
7031,475130,4
7032,475176,4
7033,475194,4
7034,475200,6
7035,475255,4
7036,475273,4
7037,475282,4
7038,475291,0
